"style","artist","country","city","artist_bio","artist_genre","artist_profile_hint","source"
"ambient","A Winged Victory For The Sullen","International","","A Winged Victory For The Sullen entra na expansao v9 curada para reforcar descoberta confiavel em ambient, com seed real ancorado por artista.","ambient","Seed v9 curado para ambient; usado em busca por top tracks de artista, Deezer, iTunes, SoundCloud e diversidade por swipe.","artist_expansion_v9_curated_deezer"
"ambient","Alva Noto","International","","Alva Noto entra na expansao v9 curada para reforcar descoberta confiavel em ambient, com seed real ancorado por artista.","ambient","Seed v9 curado para ambient; usado em busca por top tracks de artista, Deezer, iTunes, SoundCloud e diversidade por swipe.","artist_expansion_v9_curated_deezer"
"ambient","Aphex Twin","International","","Aphex Twin entra na expansao v9 curada para reforcar descoberta confiavel em ambient, com seed real ancorado por artista.","ambient","Seed v9 curado para ambient; usado em busca por top tracks de artista, Deezer, iTunes, SoundCloud e diversidade por swipe.","artist_expansion_v9_curated_deezer"
"ambient","Ben Frost","International","","Ben Frost entra na expansao v9 curada para reforcar descoberta confiavel em ambient, com seed real ancorado por artista.","ambient","Seed v9 curado para ambient; usado em busca por top tracks de artista, Deezer, iTunes, SoundCloud e diversidade por swipe.","artist_expansion_v9_curated_deezer"
"ambient","Biosphere","International","","Biosphere entra na expansao v9 curada para reforcar descoberta confiavel em ambient, com seed real ancorado por artista.","ambient","Seed v9 curado para ambient; usado em busca por top tracks de artista, Deezer, iTunes, SoundCloud e diversidade por swipe.","artist_expansion_v9_curated_deezer"
"ambient","Brian Eno","International","","Brian Eno entra na expansao v9 curada para reforcar descoberta confiavel em ambient, com seed real ancorado por artista.","ambient","Seed v9 curado para ambient; usado em busca por top tracks de artista, Deezer, iTunes, SoundCloud e diversidade por swipe.","artist_expansion_v9_curated_deezer"
"ambient","bvdub","International","","bvdub entra na expansao v9 curada para reforcar descoberta confiavel em ambient, com seed real ancorado por artista.","ambient","Seed v9 curado para ambient; usado em busca por top tracks de artista, Deezer, iTunes, SoundCloud e diversidade por swipe.","artist_expansion_v9_curated_deezer"
"ambient","Carbon Based Lifeforms","International","","Carbon Based Lifeforms entra na expansao v9 curada para reforcar descoberta confiavel em ambient, com seed real ancorado por artista.","ambient","Seed v9 curado para ambient; usado em busca por top tracks de artista, Deezer, iTunes, SoundCloud e diversidade por swipe.","artist_expansion_v9_curated_deezer"
"ambient","Celer","International","","Celer entra na expansao v9 curada para reforcar descoberta confiavel em ambient, com seed real ancorado por artista.","ambient","Seed v9 curado para ambient; usado em busca por top tracks de artista, Deezer, iTunes, SoundCloud e diversidade por swipe.","artist_expansion_v9_curated_deezer"
"ambient","Chihei Hatakeyama","International","","Chihei Hatakeyama entra na expansao v9 curada para reforcar descoberta confiavel em ambient, com seed real ancorado por artista.","ambient","Seed v9 curado para ambient; usado em busca por top tracks de artista, Deezer, iTunes, SoundCloud e diversidade por swipe.","artist_expansion_v9_curated_deezer"
"ambient","Eluvium","International","","Eluvium entra na expansao v9 curada para reforcar descoberta confiavel em ambient, com seed real ancorado por artista.","ambient","Seed v9 curado para ambient; usado em busca por top tracks de artista, Deezer, iTunes, SoundCloud e diversidade por swipe.","artist_expansion_v9_curated_deezer"
"ambient","Fennesz","International","","Fennesz entra na expansao v9 curada para reforcar descoberta confiavel em ambient, com seed real ancorado por artista.","ambient","Seed v9 curado para ambient; usado em busca por top tracks de artista, Deezer, iTunes, SoundCloud e diversidade por swipe.","artist_expansion_v9_curated_deezer"
"ambient","GAS","International","","GAS entra na expansao v9 curada para reforcar descoberta confiavel em ambient, com seed real ancorado por artista.","ambient","Seed v9 curado para ambient; usado em busca por top tracks de artista, Deezer, iTunes, SoundCloud e diversidade por swipe.","artist_expansion_v9_curated_deezer"
"ambient","Grouper","International","","Grouper entra na expansao v9 curada para reforcar descoberta confiavel em ambient, com seed real ancorado por artista.","ambient","Seed v9 curado para ambient; usado em busca por top tracks de artista, Deezer, iTunes, SoundCloud e diversidade por swipe.","artist_expansion_v9_curated_deezer"
"ambient","Hammock","International","","Hammock entra na expansao v9 curada para reforcar descoberta confiavel em ambient, com seed real ancorado por artista.","ambient","Seed v9 curado para ambient; usado em busca por top tracks de artista, Deezer, iTunes, SoundCloud e diversidade por swipe.","artist_expansion_v9_curated_deezer"
"ambient","Hiroshi Yoshimura","International","","Hiroshi Yoshimura entra na expansao v9 curada para reforcar descoberta confiavel em ambient, com seed real ancorado por artista.","ambient","Seed v9 curado para ambient; usado em busca por top tracks de artista, Deezer, iTunes, SoundCloud e diversidade por swipe.","artist_expansion_v9_curated_deezer"
"ambient","Huerco S.","International","","Huerco S. entra na expansao v9 curada para reforcar descoberta confiavel em ambient, com seed real ancorado por artista.","ambient","Seed v9 curado para ambient; usado em busca por top tracks de artista, Deezer, iTunes, SoundCloud e diversidade por swipe.","artist_expansion_v9_curated_deezer"
"ambient","Jonn Serrie","International","","Jonn Serrie entra na expansao v9 curada para reforcar descoberta confiavel em ambient, com seed real ancorado por artista.","ambient","Seed v9 curado para ambient; usado em busca por top tracks de artista, Deezer, iTunes, SoundCloud e diversidade por swipe.","artist_expansion_v9_curated_deezer"
"ambient","Julianna Barwick","International","","Julianna Barwick entra na expansao v9 curada para reforcar descoberta confiavel em ambient, com seed real ancorado por artista.","ambient","Seed v9 curado para ambient; usado em busca por top tracks de artista, Deezer, iTunes, SoundCloud e diversidade por swipe.","artist_expansion_v9_curated_deezer"
"ambient","Kaitlyn Aurelia Smith","International","","Kaitlyn Aurelia Smith entra na expansao v9 curada para reforcar descoberta confiavel em ambient, com seed real ancorado por artista.","ambient","Seed v9 curado para ambient; usado em busca por top tracks de artista, Deezer, iTunes, SoundCloud e diversidade por swipe.","artist_expansion_v9_curated_deezer"
"ambient","KMRU","International","","KMRU entra na expansao v9 curada para reforcar descoberta confiavel em ambient, com seed real ancorado por artista.","ambient","Seed v9 curado para ambient; usado em busca por top tracks de artista, Deezer, iTunes, SoundCloud e diversidade por swipe.","artist_expansion_v9_curated_deezer"
"ambient","Laraaji","International","","Laraaji entra na expansao v9 curada para reforcar descoberta confiavel em ambient, com seed real ancorado por artista.","ambient","Seed v9 curado para ambient; usado em busca por top tracks de artista, Deezer, iTunes, SoundCloud e diversidade por swipe.","artist_expansion_v9_curated_deezer"
"ambient","Lawrence English","International","","Lawrence English entra na expansao v9 curada para reforcar descoberta confiavel em ambient, com seed real ancorado por artista.","ambient","Seed v9 curado para ambient; usado em busca por top tracks de artista, Deezer, iTunes, SoundCloud e diversidade por swipe.","artist_expansion_v9_curated_deezer"
"ambient","Loscil","International","","Loscil entra na expansao v9 curada para reforcar descoberta confiavel em ambient, com seed real ancorado por artista.","ambient","Seed v9 curado para ambient; usado em busca por top tracks de artista, Deezer, iTunes, SoundCloud e diversidade por swipe.","artist_expansion_v9_curated_deezer"
"ambient","Max Richter","International","","Max Richter entra na expansao v9 curada para reforcar descoberta confiavel em ambient, com seed real ancorado por artista.","ambient","Seed v9 curado para ambient; usado em busca por top tracks de artista, Deezer, iTunes, SoundCloud e diversidade por swipe.","artist_expansion_v9_curated_deezer"
"ambient","Michael Stearns","International","","Michael Stearns entra na expansao v9 curada para reforcar descoberta confiavel em ambient, com seed real ancorado por artista.","ambient","Seed v9 curado para ambient; usado em busca por top tracks de artista, Deezer, iTunes, SoundCloud e diversidade por swipe.","artist_expansion_v9_curated_deezer"
"ambient","Nils Frahm","International","","Nils Frahm entra na expansao v9 curada para reforcar descoberta confiavel em ambient, com seed real ancorado por artista.","ambient","Seed v9 curado para ambient; usado em busca por top tracks de artista, Deezer, iTunes, SoundCloud e diversidade por swipe.","artist_expansion_v9_curated_deezer"
"ambient","Oneohtrix Point Never","International","","Oneohtrix Point Never entra na expansao v9 curada para reforcar descoberta confiavel em ambient, com seed real ancorado por artista.","ambient","Seed v9 curado para ambient; usado em busca por top tracks de artista, Deezer, iTunes, SoundCloud e diversidade por swipe.","artist_expansion_v9_curated_deezer"
"ambient","Pan American","International","","Pan American entra na expansao v9 curada para reforcar descoberta confiavel em ambient, com seed real ancorado por artista.","ambient","Seed v9 curado para ambient; usado em busca por top tracks de artista, Deezer, iTunes, SoundCloud e diversidade por swipe.","artist_expansion_v9_curated_deezer"
"ambient","Rafael Anton Irisarri","International","","Rafael Anton Irisarri entra na expansao v9 curada para reforcar descoberta confiavel em ambient, com seed real ancorado por artista.","ambient","Seed v9 curado para ambient; usado em busca por top tracks de artista, Deezer, iTunes, SoundCloud e diversidade por swipe.","artist_expansion_v9_curated_deezer"
"ambient","Robert Rich","International","","Robert Rich entra na expansao v9 curada para reforcar descoberta confiavel em ambient, com seed real ancorado por artista.","ambient","Seed v9 curado para ambient; usado em busca por top tracks de artista, Deezer, iTunes, SoundCloud e diversidade por swipe.","artist_expansion_v9_curated_deezer"
"ambient","Ryuichi Sakamoto","International","","Ryuichi Sakamoto entra na expansao v9 curada para reforcar descoberta confiavel em ambient, com seed real ancorado por artista.","ambient","Seed v9 curado para ambient; usado em busca por top tracks de artista, Deezer, iTunes, SoundCloud e diversidade por swipe.","artist_expansion_v9_curated_deezer"
"ambient","Sarah Davachi","International","","Sarah Davachi entra na expansao v9 curada para reforcar descoberta confiavel em ambient, com seed real ancorado por artista.","ambient","Seed v9 curado para ambient; usado em busca por top tracks de artista, Deezer, iTunes, SoundCloud e diversidade por swipe.","artist_expansion_v9_curated_deezer"
"ambient","Stars Of The Lid","International","","Stars Of The Lid entra na expansao v9 curada para reforcar descoberta confiavel em ambient, com seed real ancorado por artista.","ambient","Seed v9 curado para ambient; usado em busca por top tracks de artista, Deezer, iTunes, SoundCloud e diversidade por swipe.","artist_expansion_v9_curated_deezer"
"ambient","Steve Roach","International","","Steve Roach entra na expansao v9 curada para reforcar descoberta confiavel em ambient, com seed real ancorado por artista.","ambient","Seed v9 curado para ambient; usado em busca por top tracks de artista, Deezer, iTunes, SoundCloud e diversidade por swipe.","artist_expansion_v9_curated_deezer"
"ambient","Taylor Deupree","International","","Taylor Deupree entra na expansao v9 curada para reforcar descoberta confiavel em ambient, com seed real ancorado por artista.","ambient","Seed v9 curado para ambient; usado em busca por top tracks de artista, Deezer, iTunes, SoundCloud e diversidade por swipe.","artist_expansion_v9_curated_deezer"
"ambient","The Sight Below","International","","The Sight Below entra na expansao v9 curada para reforcar descoberta confiavel em ambient, com seed real ancorado por artista.","ambient","Seed v9 curado para ambient; usado em busca por top tracks de artista, Deezer, iTunes, SoundCloud e diversidade por swipe.","artist_expansion_v9_curated_deezer"
"ambient","Tim Hecker","International","","Tim Hecker entra na expansao v9 curada para reforcar descoberta confiavel em ambient, com seed real ancorado por artista.","ambient","Seed v9 curado para ambient; usado em busca por top tracks de artista, Deezer, iTunes, SoundCloud e diversidade por swipe.","artist_expansion_v9_curated_deezer"
"ambient","Warmth","International","","Warmth entra na expansao v9 curada para reforcar descoberta confiavel em ambient, com seed real ancorado por artista.","ambient","Seed v9 curado para ambient; usado em busca por top tracks de artista, Deezer, iTunes, SoundCloud e diversidade por swipe.","artist_expansion_v9_curated_deezer"
"ambient","William Basinski","International","","William Basinski entra na expansao v9 curada para reforcar descoberta confiavel em ambient, com seed real ancorado por artista.","ambient","Seed v9 curado para ambient; usado em busca por top tracks de artista, Deezer, iTunes, SoundCloud e diversidade por swipe.","artist_expansion_v9_curated_deezer"
"dark_progressive","Ben Coda","International","","Ben Coda entra na expansao v9 curada para reforcar descoberta confiavel em dark progressive, com seed real ancorado por artista.","dark progressive","Seed v9 curado para dark progressive; usado em busca por top tracks de artista, Deezer, iTunes, SoundCloud e diversidade por swipe.","artist_expansion_v9_curated_deezer"
"dark_progressive","Ben Rama","International","","Ben Rama entra na expansao v9 curada para reforcar descoberta confiavel em dark progressive, com seed real ancorado por artista.","dark progressive","Seed v9 curado para dark progressive; usado em busca por top tracks de artista, Deezer, iTunes, SoundCloud e diversidade por swipe.","artist_expansion_v9_curated_deezer"
"dark_progressive","Breger","International","","Breger entra na expansao v9 curada para reforcar descoberta confiavel em dark progressive, com seed real ancorado por artista.","dark progressive","Seed v9 curado para dark progressive; usado em busca por top tracks de artista, Deezer, iTunes, SoundCloud e diversidade por swipe.","artist_expansion_v9_curated_deezer"
"dark_progressive","Daleid","International","","Daleid entra na expansao v9 curada para reforcar descoberta confiavel em dark progressive, com seed real ancorado por artista.","dark progressive","Seed v9 curado para dark progressive; usado em busca por top tracks de artista, Deezer, iTunes, SoundCloud e diversidade por swipe.","artist_expansion_v9_curated_deezer"
"dark_progressive","Eartheogen","International","","Eartheogen entra na expansao v9 curada para reforcar descoberta confiavel em dark progressive, com seed real ancorado por artista.","dark progressive","Seed v9 curado para dark progressive; usado em busca por top tracks de artista, Deezer, iTunes, SoundCloud e diversidade por swipe.","artist_expansion_v9_curated_deezer"
"dark_progressive","Electrypnose","International","","Electrypnose entra na expansao v9 curada para reforcar descoberta confiavel em dark progressive, com seed real ancorado por artista.","dark progressive","Seed v9 curado para dark progressive; usado em busca por top tracks de artista, Deezer, iTunes, SoundCloud e diversidade por swipe.","artist_expansion_v9_curated_deezer"
"dark_progressive","Evil Oil Man","International","","Evil Oil Man entra na expansao v9 curada para reforcar descoberta confiavel em dark progressive, com seed real ancorado por artista.","dark progressive","Seed v9 curado para dark progressive; usado em busca por top tracks de artista, Deezer, iTunes, SoundCloud e diversidade por swipe.","artist_expansion_v9_curated_deezer"
"dark_progressive","Flembaz","International","","Flembaz entra na expansao v9 curada para reforcar descoberta confiavel em dark progressive, com seed real ancorado por artista.","dark progressive","Seed v9 curado para dark progressive; usado em busca por top tracks de artista, Deezer, iTunes, SoundCloud e diversidade por swipe.","artist_expansion_v9_curated_deezer"
"dark_progressive","Fungus Funk","International","","Fungus Funk entra na expansao v9 curada para reforcar descoberta confiavel em dark progressive, com seed real ancorado por artista.","dark progressive","Seed v9 curado para dark progressive; usado em busca por top tracks de artista, Deezer, iTunes, SoundCloud e diversidade por swipe.","artist_expansion_v9_curated_deezer"
"dark_progressive","Grouch","International","","Grouch entra na expansao v9 curada para reforcar descoberta confiavel em dark progressive, com seed real ancorado por artista.","dark progressive","Seed v9 curado para dark progressive; usado em busca por top tracks de artista, Deezer, iTunes, SoundCloud e diversidade por swipe.","artist_expansion_v9_curated_deezer"
"dark_progressive","Grouch in Dub","International","","Grouch in Dub entra na expansao v9 curada para reforcar descoberta confiavel em dark progressive, com seed real ancorado por artista.","dark progressive","Seed v9 curado para dark progressive; usado em busca por top tracks de artista, Deezer, iTunes, SoundCloud e diversidade por swipe.","artist_expansion_v9_curated_deezer"
"dark_progressive","Hedonix","International","","Hedonix entra na expansao v9 curada para reforcar descoberta confiavel em dark progressive, com seed real ancorado por artista.","dark progressive","Seed v9 curado para dark progressive; usado em busca por top tracks de artista, Deezer, iTunes, SoundCloud e diversidade por swipe.","artist_expansion_v9_curated_deezer"
"dark_progressive","Hellquist","International","","Hellquist entra na expansao v9 curada para reforcar descoberta confiavel em dark progressive, com seed real ancorado por artista.","dark progressive","Seed v9 curado para dark progressive; usado em busca por top tracks de artista, Deezer, iTunes, SoundCloud e diversidade por swipe.","artist_expansion_v9_curated_deezer"
"dark_progressive","Hypogeo","International","","Hypogeo entra na expansao v9 curada para reforcar descoberta confiavel em dark progressive, com seed real ancorado por artista.","dark progressive","Seed v9 curado para dark progressive; usado em busca por top tracks de artista, Deezer, iTunes, SoundCloud e diversidade por swipe.","artist_expansion_v9_curated_deezer"
"dark_progressive","Kliment","International","","Kliment entra na expansao v9 curada para reforcar descoberta confiavel em dark progressive, com seed real ancorado por artista.","dark progressive","Seed v9 curado para dark progressive; usado em busca por top tracks de artista, Deezer, iTunes, SoundCloud e diversidade por swipe.","artist_expansion_v9_curated_deezer"
"dark_progressive","Kromagon","International","","Kromagon entra na expansao v9 curada para reforcar descoberta confiavel em dark progressive, com seed real ancorado por artista.","dark progressive","Seed v9 curado para dark progressive; usado em busca por top tracks de artista, Deezer, iTunes, SoundCloud e diversidade por swipe.","artist_expansion_v9_curated_deezer"
"dark_progressive","Krumelur","International","","Krumelur entra na expansao v9 curada para reforcar descoberta confiavel em dark progressive, com seed real ancorado por artista.","dark progressive","Seed v9 curado para dark progressive; usado em busca por top tracks de artista, Deezer, iTunes, SoundCloud e diversidade por swipe.","artist_expansion_v9_curated_deezer"
"dark_progressive","Merkaba","International","","Merkaba entra na expansao v9 curada para reforcar descoberta confiavel em dark progressive, com seed real ancorado por artista.","dark progressive","Seed v9 curado para dark progressive; usado em busca por top tracks de artista, Deezer, iTunes, SoundCloud e diversidade por swipe.","artist_expansion_v9_curated_deezer"
"dark_progressive","Minimal Criminal","International","","Minimal Criminal entra na expansao v9 curada para reforcar descoberta confiavel em dark progressive, com seed real ancorado por artista.","dark progressive","Seed v9 curado para dark progressive; usado em busca por top tracks de artista, Deezer, iTunes, SoundCloud e diversidade por swipe.","artist_expansion_v9_curated_deezer"
"dark_progressive","Occer","International","","Occer entra na expansao v9 curada para reforcar descoberta confiavel em dark progressive, com seed real ancorado por artista.","dark progressive","Seed v9 curado para dark progressive; usado em busca por top tracks de artista, Deezer, iTunes, SoundCloud e diversidade por swipe.","artist_expansion_v9_curated_deezer"
"dark_progressive","One Tasty Morsel","International","","One Tasty Morsel entra na expansao v9 curada para reforcar descoberta confiavel em dark progressive, com seed real ancorado por artista.","dark progressive","Seed v9 curado para dark progressive; usado em busca por top tracks de artista, Deezer, iTunes, SoundCloud e diversidade por swipe.","artist_expansion_v9_curated_deezer"
"dark_progressive","Perfect Stranger","International","","Perfect Stranger entra na expansao v9 curada para reforcar descoberta confiavel em dark progressive, com seed real ancorado por artista.","dark progressive","Seed v9 curado para dark progressive; usado em busca por top tracks de artista, Deezer, iTunes, SoundCloud e diversidade por swipe.","artist_expansion_v9_curated_deezer"
"dark_progressive","Pspiralife","International","","Pspiralife entra na expansao v9 curada para reforcar descoberta confiavel em dark progressive, com seed real ancorado por artista.","dark progressive","Seed v9 curado para dark progressive; usado em busca por top tracks de artista, Deezer, iTunes, SoundCloud e diversidade por swipe.","artist_expansion_v9_curated_deezer"
"dark_progressive","Quanta","International","","Quanta entra na expansao v9 curada para reforcar descoberta confiavel em dark progressive, com seed real ancorado por artista.","dark progressive","Seed v9 curado para dark progressive; usado em busca por top tracks de artista, Deezer, iTunes, SoundCloud e diversidade por swipe.","artist_expansion_v9_curated_deezer"
"dark_progressive","Radioactive.Cake","International","","Radioactive.Cake entra na expansao v9 curada para reforcar descoberta confiavel em dark progressive, com seed real ancorado por artista.","dark progressive","Seed v9 curado para dark progressive; usado em busca por top tracks de artista, Deezer, iTunes, SoundCloud e diversidade por swipe.","artist_expansion_v9_curated_deezer"
"dark_progressive","Reflection","International","","Reflection entra na expansao v9 curada para reforcar descoberta confiavel em dark progressive, com seed real ancorado por artista.","dark progressive","Seed v9 curado para dark progressive; usado em busca por top tracks de artista, Deezer, iTunes, SoundCloud e diversidade por swipe.","artist_expansion_v9_curated_deezer"
"dark_progressive","Ryanosaurus","International","","Ryanosaurus entra na expansao v9 curada para reforcar descoberta confiavel em dark progressive, com seed real ancorado por artista.","dark progressive","Seed v9 curado para dark progressive; usado em busca por top tracks de artista, Deezer, iTunes, SoundCloud e diversidade por swipe.","artist_expansion_v9_curated_deezer"
"dark_progressive","Sensient","International","","Sensient entra na expansao v9 curada para reforcar descoberta confiavel em dark progressive, com seed real ancorado por artista.","dark progressive","Seed v9 curado para dark progressive; usado em busca por top tracks de artista, Deezer, iTunes, SoundCloud e diversidade por swipe.","artist_expansion_v9_curated_deezer"
"dark_progressive","Shadow FX","International","","Shadow FX entra na expansao v9 curada para reforcar descoberta confiavel em dark progressive, com seed real ancorado por artista.","dark progressive","Seed v9 curado para dark progressive; usado em busca por top tracks de artista, Deezer, iTunes, SoundCloud e diversidade por swipe.","artist_expansion_v9_curated_deezer"
"dark_progressive","Smilk","International","","Smilk entra na expansao v9 curada para reforcar descoberta confiavel em dark progressive, com seed real ancorado por artista.","dark progressive","Seed v9 curado para dark progressive; usado em busca por top tracks de artista, Deezer, iTunes, SoundCloud e diversidade por swipe.","artist_expansion_v9_curated_deezer"
"dark_progressive","SourOne","International","","SourOne entra na expansao v9 curada para reforcar descoberta confiavel em dark progressive, com seed real ancorado por artista.","dark progressive","Seed v9 curado para dark progressive; usado em busca por top tracks de artista, Deezer, iTunes, SoundCloud e diversidade por swipe.","artist_expansion_v9_curated_deezer"
"dark_progressive","Sumiruna","International","","Sumiruna entra na expansao v9 curada para reforcar descoberta confiavel em dark progressive, com seed real ancorado por artista.","dark progressive","Seed v9 curado para dark progressive; usado em busca por top tracks de artista, Deezer, iTunes, SoundCloud e diversidade por swipe.","artist_expansion_v9_curated_deezer"
"dark_progressive","Terrafractyl","International","","Terrafractyl entra na expansao v9 curada para reforcar descoberta confiavel em dark progressive, com seed real ancorado por artista.","dark progressive","Seed v9 curado para dark progressive; usado em busca por top tracks de artista, Deezer, iTunes, SoundCloud e diversidade por swipe.","artist_expansion_v9_curated_deezer"
"dark_progressive","Tetrameth","International","","Tetrameth entra na expansao v9 curada para reforcar descoberta confiavel em dark progressive, com seed real ancorado por artista.","dark progressive","Seed v9 curado para dark progressive; usado em busca por top tracks de artista, Deezer, iTunes, SoundCloud e diversidade por swipe.","artist_expansion_v9_curated_deezer"
"dark_progressive","Tijah","International","","Tijah entra na expansao v9 curada para reforcar descoberta confiavel em dark progressive, com seed real ancorado por artista.","dark progressive","Seed v9 curado para dark progressive; usado em busca por top tracks de artista, Deezer, iTunes, SoundCloud e diversidade por swipe.","artist_expansion_v9_curated_deezer"
"dark_progressive","Tomple2oon","International","","Tomple2oon entra na expansao v9 curada para reforcar descoberta confiavel em dark progressive, com seed real ancorado por artista.","dark progressive","Seed v9 curado para dark progressive; usado em busca por top tracks de artista, Deezer, iTunes, SoundCloud e diversidade por swipe.","artist_expansion_v9_curated_deezer"
"dark_progressive","Triforce","International","","Triforce entra na expansao v9 curada para reforcar descoberta confiavel em dark progressive, com seed real ancorado por artista.","dark progressive","Seed v9 curado para dark progressive; usado em busca por top tracks de artista, Deezer, iTunes, SoundCloud e diversidade por swipe.","artist_expansion_v9_curated_deezer"
"dark_psy","Abrahadabra","International","","Abrahadabra entra na expansao v9 curada para reforcar descoberta confiavel em dark psy, com seed real ancorado por artista.","dark psy","Seed v9 curado para dark psy; usado em busca por top tracks de artista, Deezer, iTunes, SoundCloud e diversidade por swipe.","artist_expansion_v9_curated_deezer"
"dark_psy","Alien Mental","International","","Alien Mental entra na expansao v9 curada para reforcar descoberta confiavel em dark psy, com seed real ancorado por artista.","dark psy","Seed v9 curado para dark psy; usado em busca por top tracks de artista, Deezer, iTunes, SoundCloud e diversidade por swipe.","artist_expansion_v9_curated_deezer"
"dark_psy","Arjuna","International","","Arjuna entra na expansao v9 curada para reforcar descoberta confiavel em dark psy, com seed real ancorado por artista.","dark psy","Seed v9 curado para dark psy; usado em busca por top tracks de artista, Deezer, iTunes, SoundCloud e diversidade por swipe.","artist_expansion_v9_curated_deezer"
"dark_psy","Atriohm","International","","Atriohm entra na expansao v9 curada para reforcar descoberta confiavel em dark psy, com seed real ancorado por artista.","dark psy","Seed v9 curado para dark psy; usado em busca por top tracks de artista, Deezer, iTunes, SoundCloud e diversidade por swipe.","artist_expansion_v9_curated_deezer"
"dark_psy","Baphomet Engine","International","","Baphomet Engine entra na expansao v9 curada para reforcar descoberta confiavel em dark psy, com seed real ancorado por artista.","dark psy","Seed v9 curado para dark psy; usado em busca por top tracks de artista, Deezer, iTunes, SoundCloud e diversidade por swipe.","artist_expansion_v9_curated_deezer"
"dark_psy","Blisargon Demogorgon","International","","Blisargon Demogorgon entra na expansao v9 curada para reforcar descoberta confiavel em dark psy, com seed real ancorado por artista.","dark psy","Seed v9 curado para dark psy; usado em busca por top tracks de artista, Deezer, iTunes, SoundCloud e diversidade por swipe.","artist_expansion_v9_curated_deezer"
"dark_psy","Claw","International","","Claw entra na expansao v9 curada para reforcar descoberta confiavel em dark psy, com seed real ancorado por artista.","dark psy","Seed v9 curado para dark psy; usado em busca por top tracks de artista, Deezer, iTunes, SoundCloud e diversidade por swipe.","artist_expansion_v9_curated_deezer"
"dark_psy","Cosmo","International","","Cosmo entra na expansao v9 curada para reforcar descoberta confiavel em dark psy, com seed real ancorado por artista.","dark psy","Seed v9 curado para dark psy; usado em busca por top tracks de artista, Deezer, iTunes, SoundCloud e diversidade por swipe.","artist_expansion_v9_curated_deezer"
"dark_psy","Dark Whisper","International","","Dark Whisper entra na expansao v9 curada para reforcar descoberta confiavel em dark psy, com seed real ancorado por artista.","dark psy","Seed v9 curado para dark psy; usado em busca por top tracks de artista, Deezer, iTunes, SoundCloud e diversidade por swipe.","artist_expansion_v9_curated_deezer"
"dark_psy","Derango","International","","Derango entra na expansao v9 curada para reforcar descoberta confiavel em dark psy, com seed real ancorado por artista.","dark psy","Seed v9 curado para dark psy; usado em busca por top tracks de artista, Deezer, iTunes, SoundCloud e diversidade por swipe.","artist_expansion_v9_curated_deezer"
"dark_psy","Digital Talk","International","","Digital Talk entra na expansao v9 curada para reforcar descoberta confiavel em dark psy, com seed real ancorado por artista.","dark psy","Seed v9 curado para dark psy; usado em busca por top tracks de artista, Deezer, iTunes, SoundCloud e diversidade por swipe.","artist_expansion_v9_curated_deezer"
"dark_psy","Encephalopaticys","International","","Encephalopaticys entra na expansao v9 curada para reforcar descoberta confiavel em dark psy, com seed real ancorado por artista.","dark psy","Seed v9 curado para dark psy; usado em busca por top tracks de artista, Deezer, iTunes, SoundCloud e diversidade por swipe.","artist_expansion_v9_curated_deezer"
"dark_psy","Farebi Jalebi","International","","Farebi Jalebi entra na expansao v9 curada para reforcar descoberta confiavel em dark psy, com seed real ancorado por artista.","dark psy","Seed v9 curado para dark psy; usado em busca por top tracks de artista, Deezer, iTunes, SoundCloud e diversidade por swipe.","artist_expansion_v9_curated_deezer"
"dark_psy","Furious","International","","Furious entra na expansao v9 curada para reforcar descoberta confiavel em dark psy, com seed real ancorado por artista.","dark psy","Seed v9 curado para dark psy; usado em busca por top tracks de artista, Deezer, iTunes, SoundCloud e diversidade por swipe.","artist_expansion_v9_curated_deezer"
"dark_psy","Gidra","International","","Gidra entra na expansao v9 curada para reforcar descoberta confiavel em dark psy, com seed real ancorado por artista.","dark psy","Seed v9 curado para dark psy; usado em busca por top tracks de artista, Deezer, iTunes, SoundCloud e diversidade por swipe.","artist_expansion_v9_curated_deezer"
"dark_psy","Highko","International","","Highko entra na expansao v9 curada para reforcar descoberta confiavel em dark psy, com seed real ancorado por artista.","dark psy","Seed v9 curado para dark psy; usado em busca por top tracks de artista, Deezer, iTunes, SoundCloud e diversidade por swipe.","artist_expansion_v9_curated_deezer"
"dark_psy","Jelly Headz","International","","Jelly Headz entra na expansao v9 curada para reforcar descoberta confiavel em dark psy, com seed real ancorado por artista.","dark psy","Seed v9 curado para dark psy; usado em busca por top tracks de artista, Deezer, iTunes, SoundCloud e diversidade por swipe.","artist_expansion_v9_curated_deezer"
"dark_psy","Kashyyyk","International","","Kashyyyk entra na expansao v9 curada para reforcar descoberta confiavel em dark psy, com seed real ancorado por artista.","dark psy","Seed v9 curado para dark psy; usado em busca por top tracks de artista, Deezer, iTunes, SoundCloud e diversidade por swipe.","artist_expansion_v9_curated_deezer"
"dark_psy","Kerosene Club","International","","Kerosene Club entra na expansao v9 curada para reforcar descoberta confiavel em dark psy, com seed real ancorado por artista.","dark psy","Seed v9 curado para dark psy; usado em busca por top tracks de artista, Deezer, iTunes, SoundCloud e diversidade por swipe.","artist_expansion_v9_curated_deezer"
"dark_psy","Kindzadza","International","","Kindzadza entra na expansao v9 curada para reforcar descoberta confiavel em dark psy, com seed real ancorado por artista.","dark psy","Seed v9 curado para dark psy; usado em busca por top tracks de artista, Deezer, iTunes, SoundCloud e diversidade por swipe.","artist_expansion_v9_curated_deezer"
"dark_psy","Megalopsy","International","","Megalopsy entra na expansao v9 curada para reforcar descoberta confiavel em dark psy, com seed real ancorado por artista.","dark psy","Seed v9 curado para dark psy; usado em busca por top tracks de artista, Deezer, iTunes, SoundCloud e diversidade por swipe.","artist_expansion_v9_curated_deezer"
"dark_psy","Mubali","International","","Mubali entra na expansao v9 curada para reforcar descoberta confiavel em dark psy, com seed real ancorado por artista.","dark psy","Seed v9 curado para dark psy; usado em busca por top tracks de artista, Deezer, iTunes, SoundCloud e diversidade por swipe.","artist_expansion_v9_curated_deezer"
"dark_psy","N.O.M","International","","N.O.M entra na expansao v9 curada para reforcar descoberta confiavel em dark psy, com seed real ancorado por artista.","dark psy","Seed v9 curado para dark psy; usado em busca por top tracks de artista, Deezer, iTunes, SoundCloud e diversidade por swipe.","artist_expansion_v9_curated_deezer"
"dark_psy","Necropsycho","International","","Necropsycho entra na expansao v9 curada para reforcar descoberta confiavel em dark psy, com seed real ancorado por artista.","dark psy","Seed v9 curado para dark psy; usado em busca por top tracks de artista, Deezer, iTunes, SoundCloud e diversidade por swipe.","artist_expansion_v9_curated_deezer"
"dark_psy","Orestis","International","","Orestis entra na expansao v9 curada para reforcar descoberta confiavel em dark psy, com seed real ancorado por artista.","dark psy","Seed v9 curado para dark psy; usado em busca por top tracks de artista, Deezer, iTunes, SoundCloud e diversidade por swipe.","artist_expansion_v9_curated_deezer"
"dark_psy","Osom","International","","Osom entra na expansao v9 curada para reforcar descoberta confiavel em dark psy, com seed real ancorado por artista.","dark psy","Seed v9 curado para dark psy; usado em busca por top tracks de artista, Deezer, iTunes, SoundCloud e diversidade por swipe.","artist_expansion_v9_curated_deezer"
"dark_psy","Para Halu","International","","Para Halu entra na expansao v9 curada para reforcar descoberta confiavel em dark psy, com seed real ancorado por artista.","dark psy","Seed v9 curado para dark psy; usado em busca por top tracks de artista, Deezer, iTunes, SoundCloud e diversidade por swipe.","artist_expansion_v9_curated_deezer"
"dark_psy","Polyphonia","International","","Polyphonia entra na expansao v9 curada para reforcar descoberta confiavel em dark psy, com seed real ancorado por artista.","dark psy","Seed v9 curado para dark psy; usado em busca por top tracks de artista, Deezer, iTunes, SoundCloud e diversidade por swipe.","artist_expansion_v9_curated_deezer"
"dark_psy","Primordial Ooze","International","","Primordial Ooze entra na expansao v9 curada para reforcar descoberta confiavel em dark psy, com seed real ancorado por artista.","dark psy","Seed v9 curado para dark psy; usado em busca por top tracks de artista, Deezer, iTunes, SoundCloud e diversidade por swipe.","artist_expansion_v9_curated_deezer"
"dark_psy","Psykovsky","International","","Psykovsky entra na expansao v9 curada para reforcar descoberta confiavel em dark psy, com seed real ancorado por artista.","dark psy","Seed v9 curado para dark psy; usado em busca por top tracks de artista, Deezer, iTunes, SoundCloud e diversidade por swipe.","artist_expansion_v9_curated_deezer"
"dark_psy","Quasar","International","","Quasar entra na expansao v9 curada para reforcar descoberta confiavel em dark psy, com seed real ancorado por artista.","dark psy","Seed v9 curado para dark psy; usado em busca por top tracks de artista, Deezer, iTunes, SoundCloud e diversidade por swipe.","artist_expansion_v9_curated_deezer"
"dark_psy","Silent Horror","International","","Silent Horror entra na expansao v9 curada para reforcar descoberta confiavel em dark psy, com seed real ancorado por artista.","dark psy","Seed v9 curado para dark psy; usado em busca por top tracks de artista, Deezer, iTunes, SoundCloud e diversidade por swipe.","artist_expansion_v9_curated_deezer"
"dark_psy","Will O Wisp","International","","Will O Wisp entra na expansao v9 curada para reforcar descoberta confiavel em dark psy, com seed real ancorado por artista.","dark psy","Seed v9 curado para dark psy; usado em busca por top tracks de artista, Deezer, iTunes, SoundCloud e diversidade por swipe.","artist_expansion_v9_curated_deezer"
"dark_psy","Yaminahua","International","","Yaminahua entra na expansao v9 curada para reforcar descoberta confiavel em dark psy, com seed real ancorado por artista.","dark psy","Seed v9 curado para dark psy; usado em busca por top tracks de artista, Deezer, iTunes, SoundCloud e diversidade por swipe.","artist_expansion_v9_curated_deezer"
"dark_psy","Zik","International","","Zik entra na expansao v9 curada para reforcar descoberta confiavel em dark psy, com seed real ancorado por artista.","dark psy","Seed v9 curado para dark psy; usado em busca por top tracks de artista, Deezer, iTunes, SoundCloud e diversidade por swipe.","artist_expansion_v9_curated_deezer"
"forest_psy","Aardvarkk","International","","Aardvarkk entra na expansao v9 curada para reforcar descoberta confiavel em forest psy, com seed real ancorado por artista.","forest psy","Seed v9 curado para forest psy; usado em busca por top tracks de artista, Deezer, iTunes, SoundCloud e diversidade por swipe.","artist_expansion_v9_curated_deezer"
"forest_psy","Ajja","International","","Ajja entra na expansao v9 curada para reforcar descoberta confiavel em forest psy, com seed real ancorado por artista.","forest psy","Seed v9 curado para forest psy; usado em busca por top tracks de artista, Deezer, iTunes, SoundCloud e diversidade por swipe.","artist_expansion_v9_curated_deezer"
"forest_psy","Archaic","International","","Archaic entra na expansao v9 curada para reforcar descoberta confiavel em forest psy, com seed real ancorado por artista.","forest psy","Seed v9 curado para forest psy; usado em busca por top tracks de artista, Deezer, iTunes, SoundCloud e diversidade por swipe.","artist_expansion_v9_curated_deezer"
"forest_psy","Arjuna","International","","Arjuna entra na expansao v9 curada para reforcar descoberta confiavel em forest psy, com seed real ancorado por artista.","forest psy","Seed v9 curado para forest psy; usado em busca por top tracks de artista, Deezer, iTunes, SoundCloud e diversidade por swipe.","artist_expansion_v9_curated_deezer"
"forest_psy","Atriohm","International","","Atriohm entra na expansao v9 curada para reforcar descoberta confiavel em forest psy, com seed real ancorado por artista.","forest psy","Seed v9 curado para forest psy; usado em busca por top tracks de artista, Deezer, iTunes, SoundCloud e diversidade por swipe.","artist_expansion_v9_curated_deezer"
"forest_psy","Confo","International","","Confo entra na expansao v9 curada para reforcar descoberta confiavel em forest psy, com seed real ancorado por artista.","forest psy","Seed v9 curado para forest psy; usado em busca por top tracks de artista, Deezer, iTunes, SoundCloud e diversidade por swipe.","artist_expansion_v9_curated_deezer"
"forest_psy","Derango","International","","Derango entra na expansao v9 curada para reforcar descoberta confiavel em forest psy, com seed real ancorado por artista.","forest psy","Seed v9 curado para forest psy; usado em busca por top tracks de artista, Deezer, iTunes, SoundCloud e diversidade por swipe.","artist_expansion_v9_curated_deezer"
"forest_psy","Dohm","International","","Dohm entra na expansao v9 curada para reforcar descoberta confiavel em forest psy, com seed real ancorado por artista.","forest psy","Seed v9 curado para forest psy; usado em busca por top tracks de artista, Deezer, iTunes, SoundCloud e diversidade por swipe.","artist_expansion_v9_curated_deezer"
"forest_psy","Drury Nevil","International","","Drury Nevil entra na expansao v9 curada para reforcar descoberta confiavel em forest psy, com seed real ancorado por artista.","forest psy","Seed v9 curado para forest psy; usado em busca por top tracks de artista, Deezer, iTunes, SoundCloud e diversidade por swipe.","artist_expansion_v9_curated_deezer"
"forest_psy","Dsompa","International","","Dsompa entra na expansao v9 curada para reforcar descoberta confiavel em forest psy, com seed real ancorado por artista.","forest psy","Seed v9 curado para forest psy; usado em busca por top tracks de artista, Deezer, iTunes, SoundCloud e diversidade por swipe.","artist_expansion_v9_curated_deezer"
"forest_psy","Enichkin","International","","Enichkin entra na expansao v9 curada para reforcar descoberta confiavel em forest psy, com seed real ancorado por artista.","forest psy","Seed v9 curado para forest psy; usado em busca por top tracks de artista, Deezer, iTunes, SoundCloud e diversidade por swipe.","artist_expansion_v9_curated_deezer"
"forest_psy","Farebi Jalebi","International","","Farebi Jalebi entra na expansao v9 curada para reforcar descoberta confiavel em forest psy, com seed real ancorado por artista.","forest psy","Seed v9 curado para forest psy; usado em busca por top tracks de artista, Deezer, iTunes, SoundCloud e diversidade por swipe.","artist_expansion_v9_curated_deezer"
"forest_psy","Flipknot","International","","Flipknot entra na expansao v9 curada para reforcar descoberta confiavel em forest psy, com seed real ancorado por artista.","forest psy","Seed v9 curado para forest psy; usado em busca por top tracks de artista, Deezer, iTunes, SoundCloud e diversidade por swipe.","artist_expansion_v9_curated_deezer"
"forest_psy","Gaspard","International","","Gaspard entra na expansao v9 curada para reforcar descoberta confiavel em forest psy, com seed real ancorado por artista.","forest psy","Seed v9 curado para forest psy; usado em busca por top tracks de artista, Deezer, iTunes, SoundCloud e diversidade por swipe.","artist_expansion_v9_curated_deezer"
"forest_psy","Goch","International","","Goch entra na expansao v9 curada para reforcar descoberta confiavel em forest psy, com seed real ancorado por artista.","forest psy","Seed v9 curado para forest psy; usado em busca por top tracks de artista, Deezer, iTunes, SoundCloud e diversidade por swipe.","artist_expansion_v9_curated_deezer"
"forest_psy","Hutti Heita","International","","Hutti Heita entra na expansao v9 curada para reforcar descoberta confiavel em forest psy, com seed real ancorado por artista.","forest psy","Seed v9 curado para forest psy; usado em busca por top tracks de artista, Deezer, iTunes, SoundCloud e diversidade por swipe.","artist_expansion_v9_curated_deezer"
"forest_psy","Jahbo","International","","Jahbo entra na expansao v9 curada para reforcar descoberta confiavel em forest psy, com seed real ancorado por artista.","forest psy","Seed v9 curado para forest psy; usado em busca por top tracks de artista, Deezer, iTunes, SoundCloud e diversidade por swipe.","artist_expansion_v9_curated_deezer"
"forest_psy","Jangaramongara","International","","Jangaramongara entra na expansao v9 curada para reforcar descoberta confiavel em forest psy, com seed real ancorado por artista.","forest psy","Seed v9 curado para forest psy; usado em busca por top tracks de artista, Deezer, iTunes, SoundCloud e diversidade por swipe.","artist_expansion_v9_curated_deezer"
"forest_psy","Jikkenteki","International","","Jikkenteki entra na expansao v9 curada para reforcar descoberta confiavel em forest psy, com seed real ancorado por artista.","forest psy","Seed v9 curado para forest psy; usado em busca por top tracks de artista, Deezer, iTunes, SoundCloud e diversidade por swipe.","artist_expansion_v9_curated_deezer"
"forest_psy","Ka-Sol","International","","Ka-Sol entra na expansao v9 curada para reforcar descoberta confiavel em forest psy, com seed real ancorado por artista.","forest psy","Seed v9 curado para forest psy; usado em busca por top tracks de artista, Deezer, iTunes, SoundCloud e diversidade por swipe.","artist_expansion_v9_curated_deezer"
"forest_psy","Kabayun","International","","Kabayun entra na expansao v9 curada para reforcar descoberta confiavel em forest psy, com seed real ancorado por artista.","forest psy","Seed v9 curado para forest psy; usado em busca por top tracks de artista, Deezer, iTunes, SoundCloud e diversidade por swipe.","artist_expansion_v9_curated_deezer"
"forest_psy","Krapul","International","","Krapul entra na expansao v9 curada para reforcar descoberta confiavel em forest psy, com seed real ancorado por artista.","forest psy","Seed v9 curado para forest psy; usado em busca por top tracks de artista, Deezer, iTunes, SoundCloud e diversidade por swipe.","artist_expansion_v9_curated_deezer"
"forest_psy","Loke","International","","Loke entra na expansao v9 curada para reforcar descoberta confiavel em forest psy, com seed real ancorado por artista.","forest psy","Seed v9 curado para forest psy; usado em busca por top tracks de artista, Deezer, iTunes, SoundCloud e diversidade por swipe.","artist_expansion_v9_curated_deezer"
"forest_psy","Maramba","International","","Maramba entra na expansao v9 curada para reforcar descoberta confiavel em forest psy, com seed real ancorado por artista.","forest psy","Seed v9 curado para forest psy; usado em busca por top tracks de artista, Deezer, iTunes, SoundCloud e diversidade por swipe.","artist_expansion_v9_curated_deezer"
"forest_psy","Mubali","International","","Mubali entra na expansao v9 curada para reforcar descoberta confiavel em forest psy, com seed real ancorado por artista.","forest psy","Seed v9 curado para forest psy; usado em busca por top tracks de artista, Deezer, iTunes, SoundCloud e diversidade por swipe.","artist_expansion_v9_curated_deezer"
"forest_psy","Nargun","International","","Nargun entra na expansao v9 curada para reforcar descoberta confiavel em forest psy, com seed real ancorado por artista.","forest psy","Seed v9 curado para forest psy; usado em busca por top tracks de artista, Deezer, iTunes, SoundCloud e diversidade por swipe.","artist_expansion_v9_curated_deezer"
"forest_psy","Nobot","International","","Nobot entra na expansao v9 curada para reforcar descoberta confiavel em forest psy, com seed real ancorado por artista.","forest psy","Seed v9 curado para forest psy; usado em busca por top tracks de artista, Deezer, iTunes, SoundCloud e diversidade por swipe.","artist_expansion_v9_curated_deezer"
"forest_psy","Ocelot","International","","Ocelot entra na expansao v9 curada para reforcar descoberta confiavel em forest psy, com seed real ancorado por artista.","forest psy","Seed v9 curado para forest psy; usado em busca por top tracks de artista, Deezer, iTunes, SoundCloud e diversidade por swipe.","artist_expansion_v9_curated_deezer"
"forest_psy","Once Upon a Time","International","","Once Upon a Time entra na expansao v9 curada para reforcar descoberta confiavel em forest psy, com seed real ancorado por artista.","forest psy","Seed v9 curado para forest psy; usado em busca por top tracks de artista, Deezer, iTunes, SoundCloud e diversidade por swipe.","artist_expansion_v9_curated_deezer"
"forest_psy","Onkel Dunkel","International","","Onkel Dunkel entra na expansao v9 curada para reforcar descoberta confiavel em forest psy, com seed real ancorado por artista.","forest psy","Seed v9 curado para forest psy; usado em busca por top tracks de artista, Deezer, iTunes, SoundCloud e diversidade por swipe.","artist_expansion_v9_curated_deezer"
"forest_psy","Pantomiman","International","","Pantomiman entra na expansao v9 curada para reforcar descoberta confiavel em forest psy, com seed real ancorado por artista.","forest psy","Seed v9 curado para forest psy; usado em busca por top tracks de artista, Deezer, iTunes, SoundCloud e diversidade por swipe.","artist_expansion_v9_curated_deezer"
"forest_psy","Procs","International","","Procs entra na expansao v9 curada para reforcar descoberta confiavel em forest psy, com seed real ancorado por artista.","forest psy","Seed v9 curado para forest psy; usado em busca por top tracks de artista, Deezer, iTunes, SoundCloud e diversidade por swipe.","artist_expansion_v9_curated_deezer"
"forest_psy","Southwild","International","","Southwild entra na expansao v9 curada para reforcar descoberta confiavel em forest psy, com seed real ancorado por artista.","forest psy","Seed v9 curado para forest psy; usado em busca por top tracks de artista, Deezer, iTunes, SoundCloud e diversidade por swipe.","artist_expansion_v9_curated_deezer"
"forest_psy","Tengri","International","","Tengri entra na expansao v9 curada para reforcar descoberta confiavel em forest psy, com seed real ancorado por artista.","forest psy","Seed v9 curado para forest psy; usado em busca por top tracks de artista, Deezer, iTunes, SoundCloud e diversidade por swipe.","artist_expansion_v9_curated_deezer"
"forest_psy","Trold","International","","Trold entra na expansao v9 curada para reforcar descoberta confiavel em forest psy, com seed real ancorado por artista.","forest psy","Seed v9 curado para forest psy; usado em busca por top tracks de artista, Deezer, iTunes, SoundCloud e diversidade por swipe.","artist_expansion_v9_curated_deezer"
"forest_psy","Ulvae","International","","Ulvae entra na expansao v9 curada para reforcar descoberta confiavel em forest psy, com seed real ancorado por artista.","forest psy","Seed v9 curado para forest psy; usado em busca por top tracks de artista, Deezer, iTunes, SoundCloud e diversidade por swipe.","artist_expansion_v9_curated_deezer"
"forest_psy","Yggdrasil","International","","Yggdrasil entra na expansao v9 curada para reforcar descoberta confiavel em forest psy, com seed real ancorado por artista.","forest psy","Seed v9 curado para forest psy; usado em busca por top tracks de artista, Deezer, iTunes, SoundCloud e diversidade por swipe.","artist_expansion_v9_curated_deezer"
"full_on","1200 Micrograms","International","","1200 Micrograms entra na expansao v9 curada para reforcar descoberta confiavel em full on, com seed real ancorado por artista.","full on","Seed v9 curado para full on; usado em busca por top tracks de artista, Deezer, iTunes, SoundCloud e diversidade por swipe.","artist_expansion_v9_curated_deezer"
"full_on","Astrix","International","","Astrix entra na expansao v9 curada para reforcar descoberta confiavel em full on, com seed real ancorado por artista.","full on","Seed v9 curado para full on; usado em busca por top tracks de artista, Deezer, iTunes, SoundCloud e diversidade por swipe.","artist_expansion_v9_curated_deezer"
"full_on","Audiotec","International","","Audiotec entra na expansao v9 curada para reforcar descoberta confiavel em full on, com seed real ancorado por artista.","full on","Seed v9 curado para full on; usado em busca por top tracks de artista, Deezer, iTunes, SoundCloud e diversidade por swipe.","artist_expansion_v9_curated_deezer"
"full_on","Avalon","International","","Avalon entra na expansao v9 curada para reforcar descoberta confiavel em full on, com seed real ancorado por artista.","full on","Seed v9 curado para full on; usado em busca por top tracks de artista, Deezer, iTunes, SoundCloud e diversidade por swipe.","artist_expansion_v9_curated_deezer"
"full_on","Bizzare Contact","International","","Bizzare Contact entra na expansao v9 curada para reforcar descoberta confiavel em full on, com seed real ancorado por artista.","full on","Seed v9 curado para full on; usado em busca por top tracks de artista, Deezer, iTunes, SoundCloud e diversidade por swipe.","artist_expansion_v9_curated_deezer"
"full_on","Braincell","International","","Braincell entra na expansao v9 curada para reforcar descoberta confiavel em full on, com seed real ancorado por artista.","full on","Seed v9 curado para full on; usado em busca por top tracks de artista, Deezer, iTunes, SoundCloud e diversidade por swipe.","artist_expansion_v9_curated_deezer"
"full_on","Burn In Noise","International","","Burn In Noise entra na expansao v9 curada para reforcar descoberta confiavel em full on, com seed real ancorado por artista.","full on","Seed v9 curado para full on; usado em busca por top tracks de artista, Deezer, iTunes, SoundCloud e diversidade por swipe.","artist_expansion_v9_curated_deezer"
"full_on","Cosmosis","International","","Cosmosis entra na expansao v9 curada para reforcar descoberta confiavel em full on, com seed real ancorado por artista.","full on","Seed v9 curado para full on; usado em busca por top tracks de artista, Deezer, iTunes, SoundCloud e diversidade por swipe.","artist_expansion_v9_curated_deezer"
"full_on","Deedrah","International","","Deedrah entra na expansao v9 curada para reforcar descoberta confiavel em full on, com seed real ancorado por artista.","full on","Seed v9 curado para full on; usado em busca por top tracks de artista, Deezer, iTunes, SoundCloud e diversidade por swipe.","artist_expansion_v9_curated_deezer"
"full_on","Dickster","International","","Dickster entra na expansao v9 curada para reforcar descoberta confiavel em full on, com seed real ancorado por artista.","full on","Seed v9 curado para full on; usado em busca por top tracks de artista, Deezer, iTunes, SoundCloud e diversidade por swipe.","artist_expansion_v9_curated_deezer"
"full_on","DigiCult","International","","DigiCult entra na expansao v9 curada para reforcar descoberta confiavel em full on, com seed real ancorado por artista.","full on","Seed v9 curado para full on; usado em busca por top tracks de artista, Deezer, iTunes, SoundCloud e diversidade por swipe.","artist_expansion_v9_curated_deezer"
"full_on","Djantrix","International","","Djantrix entra na expansao v9 curada para reforcar descoberta confiavel em full on, com seed real ancorado por artista.","full on","Seed v9 curado para full on; usado em busca por top tracks de artista, Deezer, iTunes, SoundCloud e diversidade por swipe.","artist_expansion_v9_curated_deezer"
"full_on","Earthling","International","","Earthling entra na expansao v9 curada para reforcar descoberta confiavel em full on, com seed real ancorado por artista.","full on","Seed v9 curado para full on; usado em busca por top tracks de artista, Deezer, iTunes, SoundCloud e diversidade por swipe.","artist_expansion_v9_curated_deezer"
"full_on","Earthspace","International","","Earthspace entra na expansao v9 curada para reforcar descoberta confiavel em full on, com seed real ancorado por artista.","full on","Seed v9 curado para full on; usado em busca por top tracks de artista, Deezer, iTunes, SoundCloud e diversidade por swipe.","artist_expansion_v9_curated_deezer"
"full_on","Electric Universe","International","","Electric Universe entra na expansao v9 curada para reforcar descoberta confiavel em full on, com seed real ancorado por artista.","full on","Seed v9 curado para full on; usado em busca por top tracks de artista, Deezer, iTunes, SoundCloud e diversidade por swipe.","artist_expansion_v9_curated_deezer"
"full_on","Electro Sun","International","","Electro Sun entra na expansao v9 curada para reforcar descoberta confiavel em full on, com seed real ancorado por artista.","full on","Seed v9 curado para full on; usado em busca por top tracks de artista, Deezer, iTunes, SoundCloud e diversidade por swipe.","artist_expansion_v9_curated_deezer"
"full_on","Faders","International","","Faders entra na expansao v9 curada para reforcar descoberta confiavel em full on, com seed real ancorado por artista.","full on","Seed v9 curado para full on; usado em busca por top tracks de artista, Deezer, iTunes, SoundCloud e diversidade por swipe.","artist_expansion_v9_curated_deezer"
"full_on","GMS","International","","GMS entra na expansao v9 curada para reforcar descoberta confiavel em full on, com seed real ancorado por artista.","full on","Seed v9 curado para full on; usado em busca por top tracks de artista, Deezer, iTunes, SoundCloud e diversidade por swipe.","artist_expansion_v9_curated_deezer"
"full_on","Hypnoise","International","","Hypnoise entra na expansao v9 curada para reforcar descoberta confiavel em full on, com seed real ancorado por artista.","full on","Seed v9 curado para full on; usado em busca por top tracks de artista, Deezer, iTunes, SoundCloud e diversidade por swipe.","artist_expansion_v9_curated_deezer"
"full_on","Imaginarium","International","","Imaginarium entra na expansao v9 curada para reforcar descoberta confiavel em full on, com seed real ancorado por artista.","full on","Seed v9 curado para full on; usado em busca por top tracks de artista, Deezer, iTunes, SoundCloud e diversidade por swipe.","artist_expansion_v9_curated_deezer"
"full_on","Indra","International","","Indra entra na expansao v9 curada para reforcar descoberta confiavel em full on, com seed real ancorado por artista.","full on","Seed v9 curado para full on; usado em busca por top tracks de artista, Deezer, iTunes, SoundCloud e diversidade por swipe.","artist_expansion_v9_curated_deezer"
"full_on","Killerwatts","International","","Killerwatts entra na expansao v9 curada para reforcar descoberta confiavel em full on, com seed real ancorado por artista.","full on","Seed v9 curado para full on; usado em busca por top tracks de artista, Deezer, iTunes, SoundCloud e diversidade por swipe.","artist_expansion_v9_curated_deezer"
"full_on","Laughing Buddha","International","","Laughing Buddha entra na expansao v9 curada para reforcar descoberta confiavel em full on, com seed real ancorado por artista.","full on","Seed v9 curado para full on; usado em busca por top tracks de artista, Deezer, iTunes, SoundCloud e diversidade por swipe.","artist_expansion_v9_curated_deezer"
"full_on","Mad Tribe","International","","Mad Tribe entra na expansao v9 curada para reforcar descoberta confiavel em full on, com seed real ancorado por artista.","full on","Seed v9 curado para full on; usado em busca por top tracks de artista, Deezer, iTunes, SoundCloud e diversidade por swipe.","artist_expansion_v9_curated_deezer"
"full_on","Materia","International","","Materia entra na expansao v9 curada para reforcar descoberta confiavel em full on, com seed real ancorado por artista.","full on","Seed v9 curado para full on; usado em busca por top tracks de artista, Deezer, iTunes, SoundCloud e diversidade por swipe.","artist_expansion_v9_curated_deezer"
"full_on","Outsiders","International","","Outsiders entra na expansao v9 curada para reforcar descoberta confiavel em full on, com seed real ancorado por artista.","full on","Seed v9 curado para full on; usado em busca por top tracks de artista, Deezer, iTunes, SoundCloud e diversidade por swipe.","artist_expansion_v9_curated_deezer"
"full_on","Pixel","International","","Pixel entra na expansao v9 curada para reforcar descoberta confiavel em full on, com seed real ancorado por artista.","full on","Seed v9 curado para full on; usado em busca por top tracks de artista, Deezer, iTunes, SoundCloud e diversidade por swipe.","artist_expansion_v9_curated_deezer"
"full_on","Relativ","International","","Relativ entra na expansao v9 curada para reforcar descoberta confiavel em full on, com seed real ancorado por artista.","full on","Seed v9 curado para full on; usado em busca por top tracks de artista, Deezer, iTunes, SoundCloud e diversidade por swipe.","artist_expansion_v9_curated_deezer"
"full_on","Rinkadink","International","","Rinkadink entra na expansao v9 curada para reforcar descoberta confiavel em full on, com seed real ancorado por artista.","full on","Seed v9 curado para full on; usado em busca por top tracks de artista, Deezer, iTunes, SoundCloud e diversidade por swipe.","artist_expansion_v9_curated_deezer"
"full_on","Safi Connection","International","","Safi Connection entra na expansao v9 curada para reforcar descoberta confiavel em full on, com seed real ancorado por artista.","full on","Seed v9 curado para full on; usado em busca por top tracks de artista, Deezer, iTunes, SoundCloud e diversidade por swipe.","artist_expansion_v9_curated_deezer"
"full_on","Save The Robot","International","","Save The Robot entra na expansao v9 curada para reforcar descoberta confiavel em full on, com seed real ancorado por artista.","full on","Seed v9 curado para full on; usado em busca por top tracks de artista, Deezer, iTunes, SoundCloud e diversidade por swipe.","artist_expansion_v9_curated_deezer"
"full_on","Sesto Sento","International","","Sesto Sento entra na expansao v9 curada para reforcar descoberta confiavel em full on, com seed real ancorado por artista.","full on","Seed v9 curado para full on; usado em busca por top tracks de artista, Deezer, iTunes, SoundCloud e diversidade por swipe.","artist_expansion_v9_curated_deezer"
"full_on","Skazi","International","","Skazi entra na expansao v9 curada para reforcar descoberta confiavel em full on, com seed real ancorado por artista.","full on","Seed v9 curado para full on; usado em busca por top tracks de artista, Deezer, iTunes, SoundCloud e diversidade por swipe.","artist_expansion_v9_curated_deezer"
"full_on","Sonic Species","International","","Sonic Species entra na expansao v9 curada para reforcar descoberta confiavel em full on, com seed real ancorado por artista.","full on","Seed v9 curado para full on; usado em busca por top tracks de artista, Deezer, iTunes, SoundCloud e diversidade por swipe.","artist_expansion_v9_curated_deezer"
"full_on","Space Cat","International","","Space Cat entra na expansao v9 curada para reforcar descoberta confiavel em full on, com seed real ancorado por artista.","full on","Seed v9 curado para full on; usado em busca por top tracks de artista, Deezer, iTunes, SoundCloud e diversidade por swipe.","artist_expansion_v9_curated_deezer"
"full_on","Stryker","International","","Stryker entra na expansao v9 curada para reforcar descoberta confiavel em full on, com seed real ancorado por artista.","full on","Seed v9 curado para full on; usado em busca por top tracks de artista, Deezer, iTunes, SoundCloud e diversidade por swipe.","artist_expansion_v9_curated_deezer"
"full_on","Symbolic","International","","Symbolic entra na expansao v9 curada para reforcar descoberta confiavel em full on, com seed real ancorado por artista.","full on","Seed v9 curado para full on; usado em busca por top tracks de artista, Deezer, iTunes, SoundCloud e diversidade por swipe.","artist_expansion_v9_curated_deezer"
"full_on","Talamasca","International","","Talamasca entra na expansao v9 curada para reforcar descoberta confiavel em full on, com seed real ancorado por artista.","full on","Seed v9 curado para full on; usado em busca por top tracks de artista, Deezer, iTunes, SoundCloud e diversidade por swipe.","artist_expansion_v9_curated_deezer"
"full_on","Tristan","International","","Tristan entra na expansao v9 curada para reforcar descoberta confiavel em full on, com seed real ancorado por artista.","full on","Seed v9 curado para full on; usado em busca por top tracks de artista, Deezer, iTunes, SoundCloud e diversidade por swipe.","artist_expansion_v9_curated_deezer"
"full_on","Tropical Bleyage","International","","Tropical Bleyage entra na expansao v9 curada para reforcar descoberta confiavel em full on, com seed real ancorado por artista.","full on","Seed v9 curado para full on; usado em busca por top tracks de artista, Deezer, iTunes, SoundCloud e diversidade por swipe.","artist_expansion_v9_curated_deezer"
"full_on","U-Recken","International","","U-Recken entra na expansao v9 curada para reforcar descoberta confiavel em full on, com seed real ancorado por artista.","full on","Seed v9 curado para full on; usado em busca por top tracks de artista, Deezer, iTunes, SoundCloud e diversidade por swipe.","artist_expansion_v9_curated_deezer"
"full_on","Vertical Mode","International","","Vertical Mode entra na expansao v9 curada para reforcar descoberta confiavel em full on, com seed real ancorado por artista.","full on","Seed v9 curado para full on; usado em busca por top tracks de artista, Deezer, iTunes, SoundCloud e diversidade por swipe.","artist_expansion_v9_curated_deezer"
"full_on","Vibe Tribe","International","","Vibe Tribe entra na expansao v9 curada para reforcar descoberta confiavel em full on, com seed real ancorado por artista.","full on","Seed v9 curado para full on; usado em busca por top tracks de artista, Deezer, iTunes, SoundCloud e diversidade por swipe.","artist_expansion_v9_curated_deezer"
"full_on","Volcano","International","","Volcano entra na expansao v9 curada para reforcar descoberta confiavel em full on, com seed real ancorado por artista.","full on","Seed v9 curado para full on; usado em busca por top tracks de artista, Deezer, iTunes, SoundCloud e diversidade por swipe.","artist_expansion_v9_curated_deezer"
"full_on","Waio","International","","Waio entra na expansao v9 curada para reforcar descoberta confiavel em full on, com seed real ancorado por artista.","full on","Seed v9 curado para full on; usado em busca por top tracks de artista, Deezer, iTunes, SoundCloud e diversidade por swipe.","artist_expansion_v9_curated_deezer"
"full_on","X-NoiZe","International","","X-NoiZe entra na expansao v9 curada para reforcar descoberta confiavel em full on, com seed real ancorado por artista.","full on","Seed v9 curado para full on; usado em busca por top tracks de artista, Deezer, iTunes, SoundCloud e diversidade por swipe.","artist_expansion_v9_curated_deezer"
"full_on","Xerox","International","","Xerox entra na expansao v9 curada para reforcar descoberta confiavel em full on, com seed real ancorado por artista.","full on","Seed v9 curado para full on; usado em busca por top tracks de artista, Deezer, iTunes, SoundCloud e diversidade por swipe.","artist_expansion_v9_curated_deezer"
"full_on","Zyce","International","","Zyce entra na expansao v9 curada para reforcar descoberta confiavel em full on, com seed real ancorado por artista.","full on","Seed v9 curado para full on; usado em busca por top tracks de artista, Deezer, iTunes, SoundCloud e diversidade por swipe.","artist_expansion_v9_curated_deezer"
"progressive_psy","Ace Ventura","International","","Ace Ventura entra na expansao v9 curada para reforcar descoberta confiavel em progressive psy, com seed real ancorado por artista.","progressive psy","Seed v9 curado para progressive psy; usado em busca por top tracks de artista, Deezer, iTunes, SoundCloud e diversidade por swipe.","artist_expansion_v9_curated_deezer"
"progressive_psy","Aerospace","International","","Aerospace entra na expansao v9 curada para reforcar descoberta confiavel em progressive psy, com seed real ancorado por artista.","progressive psy","Seed v9 curado para progressive psy; usado em busca por top tracks de artista, Deezer, iTunes, SoundCloud e diversidade por swipe.","artist_expansion_v9_curated_deezer"
"progressive_psy","Atmos","International","","Atmos entra na expansao v9 curada para reforcar descoberta confiavel em progressive psy, com seed real ancorado por artista.","progressive psy","Seed v9 curado para progressive psy; usado em busca por top tracks de artista, Deezer, iTunes, SoundCloud e diversidade por swipe.","artist_expansion_v9_curated_deezer"
"progressive_psy","Audiomatic","International","","Audiomatic entra na expansao v9 curada para reforcar descoberta confiavel em progressive psy, com seed real ancorado por artista.","progressive psy","Seed v9 curado para progressive psy; usado em busca por top tracks de artista, Deezer, iTunes, SoundCloud e diversidade por swipe.","artist_expansion_v9_curated_deezer"
"progressive_psy","Berg","International","","Berg entra na expansao v9 curada para reforcar descoberta confiavel em progressive psy, com seed real ancorado por artista.","progressive psy","Seed v9 curado para progressive psy; usado em busca por top tracks de artista, Deezer, iTunes, SoundCloud e diversidade por swipe.","artist_expansion_v9_curated_deezer"
"progressive_psy","Captain Hook","International","","Captain Hook entra na expansao v9 curada para reforcar descoberta confiavel em progressive psy, com seed real ancorado por artista.","progressive psy","Seed v9 curado para progressive psy; usado em busca por top tracks de artista, Deezer, iTunes, SoundCloud e diversidade por swipe.","artist_expansion_v9_curated_deezer"
"progressive_psy","Day Din","International","","Day Din entra na expansao v9 curada para reforcar descoberta confiavel em progressive psy, com seed real ancorado por artista.","progressive psy","Seed v9 curado para progressive psy; usado em busca por top tracks de artista, Deezer, iTunes, SoundCloud e diversidade por swipe.","artist_expansion_v9_curated_deezer"
"progressive_psy","E-Clip","International","","E-Clip entra na expansao v9 curada para reforcar descoberta confiavel em progressive psy, com seed real ancorado por artista.","progressive psy","Seed v9 curado para progressive psy; usado em busca por top tracks de artista, Deezer, iTunes, SoundCloud e diversidade por swipe.","artist_expansion_v9_curated_deezer"
"progressive_psy","Egorythmia","International","","Egorythmia entra na expansao v9 curada para reforcar descoberta confiavel em progressive psy, com seed real ancorado por artista.","progressive psy","Seed v9 curado para progressive psy; usado em busca por top tracks de artista, Deezer, iTunes, SoundCloud e diversidade por swipe.","artist_expansion_v9_curated_deezer"
"progressive_psy","Fabio Fusco","International","","Fabio Fusco entra na expansao v9 curada para reforcar descoberta confiavel em progressive psy, com seed real ancorado por artista.","progressive psy","Seed v9 curado para progressive psy; usado em busca por top tracks de artista, Deezer, iTunes, SoundCloud e diversidade por swipe.","artist_expansion_v9_curated_deezer"
"progressive_psy","Flegma","International","","Flegma entra na expansao v9 curada para reforcar descoberta confiavel em progressive psy, com seed real ancorado por artista.","progressive psy","Seed v9 curado para progressive psy; usado em busca por top tracks de artista, Deezer, iTunes, SoundCloud e diversidade por swipe.","artist_expansion_v9_curated_deezer"
"progressive_psy","Gaudium","International","","Gaudium entra na expansao v9 curada para reforcar descoberta confiavel em progressive psy, com seed real ancorado por artista.","progressive psy","Seed v9 curado para progressive psy; usado em busca por top tracks de artista, Deezer, iTunes, SoundCloud e diversidade por swipe.","artist_expansion_v9_curated_deezer"
"progressive_psy","Hi Profile","International","","Hi Profile entra na expansao v9 curada para reforcar descoberta confiavel em progressive psy, com seed real ancorado por artista.","progressive psy","Seed v9 curado para progressive psy; usado em busca por top tracks de artista, Deezer, iTunes, SoundCloud e diversidade por swipe.","artist_expansion_v9_curated_deezer"
"progressive_psy","Ilai","International","","Ilai entra na expansao v9 curada para reforcar descoberta confiavel em progressive psy, com seed real ancorado por artista.","progressive psy","Seed v9 curado para progressive psy; usado em busca por top tracks de artista, Deezer, iTunes, SoundCloud e diversidade por swipe.","artist_expansion_v9_curated_deezer"
"progressive_psy","Interactive Noise","International","","Interactive Noise entra na expansao v9 curada para reforcar descoberta confiavel em progressive psy, com seed real ancorado por artista.","progressive psy","Seed v9 curado para progressive psy; usado em busca por top tracks de artista, Deezer, iTunes, SoundCloud e diversidade por swipe.","artist_expansion_v9_curated_deezer"
"progressive_psy","Klopfgeister","International","","Klopfgeister entra na expansao v9 curada para reforcar descoberta confiavel em progressive psy, com seed real ancorado por artista.","progressive psy","Seed v9 curado para progressive psy; usado em busca por top tracks de artista, Deezer, iTunes, SoundCloud e diversidade por swipe.","artist_expansion_v9_curated_deezer"
"progressive_psy","Liquid Soul","International","","Liquid Soul entra na expansao v9 curada para reforcar descoberta confiavel em progressive psy, com seed real ancorado por artista.","progressive psy","Seed v9 curado para progressive psy; usado em busca por top tracks de artista, Deezer, iTunes, SoundCloud e diversidade por swipe.","artist_expansion_v9_curated_deezer"
"progressive_psy","Lyctum","International","","Lyctum entra na expansao v9 curada para reforcar descoberta confiavel em progressive psy, com seed real ancorado por artista.","progressive psy","Seed v9 curado para progressive psy; usado em busca por top tracks de artista, Deezer, iTunes, SoundCloud e diversidade por swipe.","artist_expansion_v9_curated_deezer"
"progressive_psy","Maitika","International","","Maitika entra na expansao v9 curada para reforcar descoberta confiavel em progressive psy, com seed real ancorado por artista.","progressive psy","Seed v9 curado para progressive psy; usado em busca por top tracks de artista, Deezer, iTunes, SoundCloud e diversidade por swipe.","artist_expansion_v9_curated_deezer"
"progressive_psy","Morten Granau","International","","Morten Granau entra na expansao v9 curada para reforcar descoberta confiavel em progressive psy, com seed real ancorado por artista.","progressive psy","Seed v9 curado para progressive psy; usado em busca por top tracks de artista, Deezer, iTunes, SoundCloud e diversidade por swipe.","artist_expansion_v9_curated_deezer"
"progressive_psy","Motion Drive","International","","Motion Drive entra na expansao v9 curada para reforcar descoberta confiavel em progressive psy, com seed real ancorado por artista.","progressive psy","Seed v9 curado para progressive psy; usado em busca por top tracks de artista, Deezer, iTunes, SoundCloud e diversidade por swipe.","artist_expansion_v9_curated_deezer"
"progressive_psy","Neelix","International","","Neelix entra na expansao v9 curada para reforcar descoberta confiavel em progressive psy, com seed real ancorado por artista.","progressive psy","Seed v9 curado para progressive psy; usado em busca por top tracks de artista, Deezer, iTunes, SoundCloud e diversidade por swipe.","artist_expansion_v9_curated_deezer"
"progressive_psy","Ovnimoon","International","","Ovnimoon entra na expansao v9 curada para reforcar descoberta confiavel em progressive psy, com seed real ancorado por artista.","progressive psy","Seed v9 curado para progressive psy; usado em busca por top tracks de artista, Deezer, iTunes, SoundCloud e diversidade por swipe.","artist_expansion_v9_curated_deezer"
"progressive_psy","Perfect Stranger","International","","Perfect Stranger entra na expansao v9 curada para reforcar descoberta confiavel em progressive psy, com seed real ancorado por artista.","progressive psy","Seed v9 curado para progressive psy; usado em busca por top tracks de artista, Deezer, iTunes, SoundCloud e diversidade por swipe.","artist_expansion_v9_curated_deezer"
"progressive_psy","Phaxe","International","","Phaxe entra na expansao v9 curada para reforcar descoberta confiavel em progressive psy, com seed real ancorado por artista.","progressive psy","Seed v9 curado para progressive psy; usado em busca por top tracks de artista, Deezer, iTunes, SoundCloud e diversidade por swipe.","artist_expansion_v9_curated_deezer"
"progressive_psy","Protonica","International","","Protonica entra na expansao v9 curada para reforcar descoberta confiavel em progressive psy, com seed real ancorado por artista.","progressive psy","Seed v9 curado para progressive psy; usado em busca por top tracks de artista, Deezer, iTunes, SoundCloud e diversidade por swipe.","artist_expansion_v9_curated_deezer"
"progressive_psy","Querox","International","","Querox entra na expansao v9 curada para reforcar descoberta confiavel em progressive psy, com seed real ancorado por artista.","progressive psy","Seed v9 curado para progressive psy; usado em busca por top tracks de artista, Deezer, iTunes, SoundCloud e diversidade por swipe.","artist_expansion_v9_curated_deezer"
"progressive_psy","Ranji","International","","Ranji entra na expansao v9 curada para reforcar descoberta confiavel em progressive psy, com seed real ancorado por artista.","progressive psy","Seed v9 curado para progressive psy; usado em busca por top tracks de artista, Deezer, iTunes, SoundCloud e diversidade por swipe.","artist_expansion_v9_curated_deezer"
"progressive_psy","Ritmo","International","","Ritmo entra na expansao v9 curada para reforcar descoberta confiavel em progressive psy, com seed real ancorado por artista.","progressive psy","Seed v9 curado para progressive psy; usado em busca por top tracks de artista, Deezer, iTunes, SoundCloud e diversidade por swipe.","artist_expansion_v9_curated_deezer"
"progressive_psy","Sideform","International","","Sideform entra na expansao v9 curada para reforcar descoberta confiavel em progressive psy, com seed real ancorado por artista.","progressive psy","Seed v9 curado para progressive psy; usado em busca por top tracks de artista, Deezer, iTunes, SoundCloud e diversidade por swipe.","artist_expansion_v9_curated_deezer"
"progressive_psy","Sonic Entity","International","","Sonic Entity entra na expansao v9 curada para reforcar descoberta confiavel em progressive psy, com seed real ancorado por artista.","progressive psy","Seed v9 curado para progressive psy; usado em busca por top tracks de artista, Deezer, iTunes, SoundCloud e diversidade por swipe.","artist_expansion_v9_curated_deezer"
"progressive_psy","Static Movement","International","","Static Movement entra na expansao v9 curada para reforcar descoberta confiavel em progressive psy, com seed real ancorado por artista.","progressive psy","Seed v9 curado para progressive psy; usado em busca por top tracks de artista, Deezer, iTunes, SoundCloud e diversidade por swipe.","artist_expansion_v9_curated_deezer"
"progressive_psy","Suntree","International","","Suntree entra na expansao v9 curada para reforcar descoberta confiavel em progressive psy, com seed real ancorado por artista.","progressive psy","Seed v9 curado para progressive psy; usado em busca por top tracks de artista, Deezer, iTunes, SoundCloud e diversidade por swipe.","artist_expansion_v9_curated_deezer"
"progressive_psy","Symphonix","International","","Symphonix entra na expansao v9 curada para reforcar descoberta confiavel em progressive psy, com seed real ancorado por artista.","progressive psy","Seed v9 curado para progressive psy; usado em busca por top tracks de artista, Deezer, iTunes, SoundCloud e diversidade por swipe.","artist_expansion_v9_curated_deezer"
"progressive_psy","Ticon","International","","Ticon entra na expansao v9 curada para reforcar descoberta confiavel em progressive psy, com seed real ancorado por artista.","progressive psy","Seed v9 curado para progressive psy; usado em busca por top tracks de artista, Deezer, iTunes, SoundCloud e diversidade por swipe.","artist_expansion_v9_curated_deezer"
"progressive_psy","Vertex","International","","Vertex entra na expansao v9 curada para reforcar descoberta confiavel em progressive psy, com seed real ancorado por artista.","progressive psy","Seed v9 curado para progressive psy; usado em busca por top tracks de artista, Deezer, iTunes, SoundCloud e diversidade por swipe.","artist_expansion_v9_curated_deezer"
"progressive_psy","Vibrasphere","International","","Vibrasphere entra na expansao v9 curada para reforcar descoberta confiavel em progressive psy, com seed real ancorado por artista.","progressive psy","Seed v9 curado para progressive psy; usado em busca por top tracks de artista, Deezer, iTunes, SoundCloud e diversidade por swipe.","artist_expansion_v9_curated_deezer"
"progressive_psy","Zyce","International","","Zyce entra na expansao v9 curada para reforcar descoberta confiavel em progressive psy, com seed real ancorado por artista.","progressive psy","Seed v9 curado para progressive psy; usado em busca por top tracks de artista, Deezer, iTunes, SoundCloud e diversidade por swipe.","artist_expansion_v9_curated_deezer"
