"style","artist","song","label","bpm_exact","bpm_text","release_date","duration_sec","country","city","source_album","source_url","track_url","external_track_id","source_type","source_tags","artist_bio","artist_profile_hint","primary_social_url","social_discovery_links","label_links","cover_art_url","album_keywords","energy_band","catalog_role","status","confidence","source_note"
"acid_techno","Phuture","Acid Tracks","Trax","124","124 BPM editorial guide for acid techno","1987-01-01","","United States","Chicago","Trax / 1987 reference","https://www.beatport.com/search?q=Phuture%20Acid%20Tracks","https://www.youtube.com/results?search_query=Phuture%20Acid%20Tracks","","curated_public_discography_search","acid_techno;acid techno;acid_origin_anchor;mid_303_hypnosis;acid techno / 303 techno;Trax;curated_club_styles_v2","Chicago project treated as an origin point for acid language and raw 303 pressure. Included in club_styles_enrichment_v2_20260621 as acid_origin_anchor for acid techno.","Use Phuture - Acid Tracks when the user asks for acid techno, related club energy, or mid_303_hypnosis.","https://www.google.com/search?q=Phuture%20official%20instagram","https://open.spotify.com/search/Phuture;https://soundcloud.com/search?q=Phuture;https://www.youtube.com/results?search_query=Phuture%20acid%20techno%20live%20official;https://www.google.com/search?q=Phuture%20acid%20techno%20official%20instagram%20soundcloud%20bandcamp","https://www.beatport.com/search?q=Phuture%20Acid%20Tracks;https://www.discogs.com/search/?q=Phuture%20Acid%20Tracks&type=all","","acid techno;acid_origin_anchor;mid_303_hypnosis;Trax;artist_profile;recommendation_anchor","mid_303_hypnosis","acid_origin_anchor","published","high","Reforca linhas 303, rave classica e ponte com hard techno. Added as a reviewed catalog anchor with discovery links; official social links still need manual confirmation."
"acid_techno","Hardfloor","Acperience 1","Harthouse","130","130 BPM editorial guide for acid techno","1992-01-01","","Germany","Frankfurt","Harthouse / 1992 reference","https://www.beatport.com/search?q=Hardfloor%20Acperience%201","https://www.youtube.com/results?search_query=Hardfloor%20Acperience%201","","curated_public_discography_search","acid_techno;acid techno;classic_303_anchor;rolling_acid_peak;acid techno / 303 techno;Harthouse;curated_club_styles_v2","German duo known for layered 303 patterns and long-form acid techno hypnosis. Included in club_styles_enrichment_v2_20260621 as classic_303_anchor for acid techno.","Use Hardfloor - Acperience 1 when the user asks for acid techno, related club energy, or rolling_acid_peak.","https://www.google.com/search?q=Hardfloor%20official%20instagram","https://open.spotify.com/search/Hardfloor;https://soundcloud.com/search?q=Hardfloor;https://www.youtube.com/results?search_query=Hardfloor%20acid%20techno%20live%20official;https://www.google.com/search?q=Hardfloor%20acid%20techno%20official%20instagram%20soundcloud%20bandcamp","https://www.beatport.com/search?q=Hardfloor%20Acperience%201;https://www.discogs.com/search/?q=Hardfloor%20Acperience%201&type=all","","acid techno;classic_303_anchor;rolling_acid_peak;Harthouse;artist_profile;recommendation_anchor","rolling_acid_peak","classic_303_anchor","published","high","Reforca linhas 303, rave classica e ponte com hard techno. Added as a reviewed catalog anchor with discovery links; official social links still need manual confirmation."
"acid_techno","Josh Wink","Higher State Of Consciousness","Strictly Rhythm","130","130 BPM editorial guide for acid techno","1995-01-01","","United States","Philadelphia","Strictly Rhythm / 1995 reference","https://www.beatport.com/search?q=Josh%20Wink%20Higher%20State%20Of%20Consciousness","https://www.youtube.com/results?search_query=Josh%20Wink%20Higher%20State%20Of%20Consciousness","","curated_public_discography_search","acid_techno;acid techno;rave_acid_crossover;peak_time_acid;acid techno / 303 techno;Strictly Rhythm;curated_club_styles_v2","US producer bridging acid techno, rave and house with a widely referenced 303 hook. Included in club_styles_enrichment_v2_20260621 as rave_acid_crossover for acid techno.","Use Josh Wink - Higher State Of Consciousness when the user asks for acid techno, related club energy, or peak_time_acid.","https://www.google.com/search?q=Josh%20Wink%20official%20instagram","https://open.spotify.com/search/Josh%20Wink;https://soundcloud.com/search?q=Josh%20Wink;https://www.youtube.com/results?search_query=Josh%20Wink%20acid%20techno%20live%20official;https://www.google.com/search?q=Josh%20Wink%20acid%20techno%20official%20instagram%20soundcloud%20bandcamp","https://www.beatport.com/search?q=Josh%20Wink%20Higher%20State%20Of%20Consciousness;https://www.discogs.com/search/?q=Josh%20Wink%20Higher%20State%20Of%20Consciousness&type=all","","acid techno;rave_acid_crossover;peak_time_acid;Strictly Rhythm;artist_profile;recommendation_anchor","peak_time_acid","rave_acid_crossover","published","medium_high","Reforca linhas 303, rave classica e ponte com hard techno. Added as a reviewed catalog anchor with discovery links; official social links still need manual confirmation."
"acid_techno","Emmanuel Top","Turkish Bazar","Attack Records","129","129 BPM editorial guide for acid techno","1994-01-01","","France","Lille","Attack Records / 1994 reference","https://www.beatport.com/search?q=Emmanuel%20Top%20Turkish%20Bazar","https://www.youtube.com/results?search_query=Emmanuel%20Top%20Turkish%20Bazar","","curated_public_discography_search","acid_techno;acid techno;european_acid_hypnosis;acid_trance_bridge;acid techno / 303 techno;Attack Records;curated_club_styles_v2","French producer associated with stripped acid lines, trance tension and warehouse repetition. Included in club_styles_enrichment_v2_20260621 as european_acid_hypnosis for acid techno.","Use Emmanuel Top - Turkish Bazar when the user asks for acid techno, related club energy, or acid_trance_bridge.","https://www.google.com/search?q=Emmanuel%20Top%20official%20instagram","https://open.spotify.com/search/Emmanuel%20Top;https://soundcloud.com/search?q=Emmanuel%20Top;https://www.youtube.com/results?search_query=Emmanuel%20Top%20acid%20techno%20live%20official;https://www.google.com/search?q=Emmanuel%20Top%20acid%20techno%20official%20instagram%20soundcloud%20bandcamp","https://www.beatport.com/search?q=Emmanuel%20Top%20Turkish%20Bazar;https://www.discogs.com/search/?q=Emmanuel%20Top%20Turkish%20Bazar&type=all","","acid techno;european_acid_hypnosis;acid_trance_bridge;Attack Records;artist_profile;recommendation_anchor","acid_trance_bridge","european_acid_hypnosis","published","medium_high","Reforca linhas 303, rave classica e ponte com hard techno. Added as a reviewed catalog anchor with discovery links; official social links still need manual confirmation."
"acid_techno","Tin Man","Nonneo","Acid Test","124","124 BPM editorial guide for acid techno","2014-01-01","","United States","Vienna","Acid Test / 2014 reference","https://www.beatport.com/search?q=Tin%20Man%20Nonneo","https://www.youtube.com/results?search_query=Tin%20Man%20Nonneo","","curated_public_discography_search","acid_techno;acid techno;modern_acid_depth;deep_303_motion;acid techno / 303 techno;Acid Test;curated_club_styles_v2","Acid-focused producer with patient melodic 303 work and a modern leftfield club profile. Included in club_styles_enrichment_v2_20260621 as modern_acid_depth for acid techno.","Use Tin Man - Nonneo when the user asks for acid techno, related club energy, or deep_303_motion.","https://www.google.com/search?q=Tin%20Man%20official%20instagram","https://open.spotify.com/search/Tin%20Man;https://soundcloud.com/search?q=Tin%20Man;https://www.youtube.com/results?search_query=Tin%20Man%20acid%20techno%20live%20official;https://www.google.com/search?q=Tin%20Man%20acid%20techno%20official%20instagram%20soundcloud%20bandcamp","https://www.beatport.com/search?q=Tin%20Man%20Nonneo;https://www.discogs.com/search/?q=Tin%20Man%20Nonneo&type=all","","acid techno;modern_acid_depth;deep_303_motion;Acid Test;artist_profile;recommendation_anchor","deep_303_motion","modern_acid_depth","published","medium_high","Reforca linhas 303, rave classica e ponte com hard techno. Added as a reviewed catalog anchor with discovery links; official social links still need manual confirmation."
"acid_techno","Boston 168","Oblivion And Vapor","Enemy Records","132","132 BPM editorial guide for acid techno","2016-01-01","","Italy","Turin","Enemy Records / 2016 reference","https://www.beatport.com/search?q=Boston%20168%20Oblivion%20And%20Vapor","https://www.youtube.com/results?search_query=Boston%20168%20Oblivion%20And%20Vapor","","curated_public_discography_search","acid_techno;acid techno;modern_acid_warehouse;rolling_acid_peak;acid techno / 303 techno;Enemy Records;curated_club_styles_v2","Italian duo connecting hardware acid lines with deep warehouse techno atmosphere. Included in club_styles_enrichment_v2_20260621 as modern_acid_warehouse for acid techno.","Use Boston 168 - Oblivion And Vapor when the user asks for acid techno, related club energy, or rolling_acid_peak.","https://www.google.com/search?q=Boston%20168%20official%20instagram","https://open.spotify.com/search/Boston%20168;https://soundcloud.com/search?q=Boston%20168;https://www.youtube.com/results?search_query=Boston%20168%20acid%20techno%20live%20official;https://www.google.com/search?q=Boston%20168%20acid%20techno%20official%20instagram%20soundcloud%20bandcamp","https://www.beatport.com/search?q=Boston%20168%20Oblivion%20And%20Vapor;https://www.discogs.com/search/?q=Boston%20168%20Oblivion%20And%20Vapor&type=all","","acid techno;modern_acid_warehouse;rolling_acid_peak;Enemy Records;artist_profile;recommendation_anchor","rolling_acid_peak","modern_acid_warehouse","published","medium_high","Reforca linhas 303, rave classica e ponte com hard techno. Added as a reviewed catalog anchor with discovery links; official social links still need manual confirmation."
"acid_techno","Regal","Acid Is The Answer","Involve Records","133","133 BPM editorial guide for acid techno","2016-01-01","","Spain","Madrid","Involve Records / 2016 reference","https://www.beatport.com/search?q=Regal%20Acid%20Is%20The%20Answer","https://www.youtube.com/results?search_query=Regal%20Acid%20Is%20The%20Answer","","curated_public_discography_search","acid_techno;acid techno;acid_peak_tool;peak_time_acid;acid techno / 303 techno;Involve Records;curated_club_styles_v2","Spanish artist and Involve figure with direct acid hooks and high-impact techno pressure. Included in club_styles_enrichment_v2_20260621 as acid_peak_tool for acid techno.","Use Regal - Acid Is The Answer when the user asks for acid techno, related club energy, or peak_time_acid.","https://www.google.com/search?q=Regal%20official%20instagram","https://open.spotify.com/search/Regal;https://soundcloud.com/search?q=Regal;https://www.youtube.com/results?search_query=Regal%20acid%20techno%20live%20official;https://www.google.com/search?q=Regal%20acid%20techno%20official%20instagram%20soundcloud%20bandcamp","https://www.beatport.com/search?q=Regal%20Acid%20Is%20The%20Answer;https://www.discogs.com/search/?q=Regal%20Acid%20Is%20The%20Answer&type=all","","acid techno;acid_peak_tool;peak_time_acid;Involve Records;artist_profile;recommendation_anchor","peak_time_acid","acid_peak_tool","published","medium_high","Reforca linhas 303, rave classica e ponte com hard techno. Added as a reviewed catalog anchor with discovery links; official social links still need manual confirmation."
"acid_techno","KiNK","Perth","Running Back","124","124 BPM editorial guide for acid techno","2012-01-01","","Bulgaria","Sofia","Running Back / 2012 reference","https://www.beatport.com/search?q=KiNK%20Perth","https://www.youtube.com/results?search_query=KiNK%20Perth","","curated_public_discography_search","acid_techno;acid techno;live_acid_groove_bridge;bouncy_303_groove;acid techno / 303 techno;Running Back;curated_club_styles_v2","Live hardware artist whose acid and house tools help bridge techno with playful groove. Included in club_styles_enrichment_v2_20260621 as live_acid_groove_bridge for acid techno.","Use KiNK - Perth when the user asks for acid techno, related club energy, or bouncy_303_groove.","https://www.google.com/search?q=KiNK%20official%20instagram","https://open.spotify.com/search/KiNK;https://soundcloud.com/search?q=KiNK;https://www.youtube.com/results?search_query=KiNK%20acid%20techno%20live%20official;https://www.google.com/search?q=KiNK%20acid%20techno%20official%20instagram%20soundcloud%20bandcamp","https://www.beatport.com/search?q=KiNK%20Perth;https://www.discogs.com/search/?q=KiNK%20Perth&type=all","","acid techno;live_acid_groove_bridge;bouncy_303_groove;Running Back;artist_profile;recommendation_anchor","bouncy_303_groove","live_acid_groove_bridge","published","medium_high","Reforca linhas 303, rave classica e ponte com hard techno. Added as a reviewed catalog anchor with discovery links; official social links still need manual confirmation."
"acid_techno","Luke Vibert","I Love Acid","Planet Mu","126","126 BPM editorial guide for acid techno","2003-01-01","","United Kingdom","Cornwall","Planet Mu / 2003 reference","https://www.beatport.com/search?q=Luke%20Vibert%20I%20Love%20Acid","https://www.youtube.com/results?search_query=Luke%20Vibert%20I%20Love%20Acid","","curated_public_discography_search","acid_techno;acid techno;leftfield_acid_anchor;playful_303_breaks;acid techno / 303 techno;Planet Mu;curated_club_styles_v2","UK electronic producer with a long acid vocabulary across techno, electro and breakbeat forms. Included in club_styles_enrichment_v2_20260621 as leftfield_acid_anchor for acid techno.","Use Luke Vibert - I Love Acid when the user asks for acid techno, related club energy, or playful_303_breaks.","https://www.google.com/search?q=Luke%20Vibert%20official%20instagram","https://open.spotify.com/search/Luke%20Vibert;https://soundcloud.com/search?q=Luke%20Vibert;https://www.youtube.com/results?search_query=Luke%20Vibert%20acid%20techno%20live%20official;https://www.google.com/search?q=Luke%20Vibert%20acid%20techno%20official%20instagram%20soundcloud%20bandcamp","https://www.beatport.com/search?q=Luke%20Vibert%20I%20Love%20Acid;https://www.discogs.com/search/?q=Luke%20Vibert%20I%20Love%20Acid&type=all","","acid techno;leftfield_acid_anchor;playful_303_breaks;Planet Mu;artist_profile;recommendation_anchor","playful_303_breaks","leftfield_acid_anchor","published","high","Reforca linhas 303, rave classica e ponte com hard techno. Added as a reviewed catalog anchor with discovery links; official social links still need manual confirmation."
"acid_techno","A*S*Y*S","Acid Nightmare","Fe Chrome","145","145 BPM editorial guide for acid techno","2006-01-01","","Germany","Frankfurt","Fe Chrome / 2006 reference","https://www.beatport.com/search?q=A*S*Y*S%20Acid%20Nightmare","https://www.youtube.com/results?search_query=A*S*Y*S%20Acid%20Nightmare","","curated_public_discography_search","acid_techno;acid techno;hard_acid_bridge;fast_303_rave;acid techno / 303 techno;Fe Chrome;curated_club_styles_v2","German artist useful as a bridge between acid techno, hard techno and trance-rave energy. Included in club_styles_enrichment_v2_20260621 as hard_acid_bridge for acid techno.","Use A*S*Y*S - Acid Nightmare when the user asks for acid techno, related club energy, or fast_303_rave.","https://www.google.com/search?q=A*S*Y*S%20official%20instagram","https://open.spotify.com/search/A*S*Y*S;https://soundcloud.com/search?q=A*S*Y*S;https://www.youtube.com/results?search_query=A*S*Y*S%20acid%20techno%20live%20official;https://www.google.com/search?q=A*S*Y*S%20acid%20techno%20official%20instagram%20soundcloud%20bandcamp","https://www.beatport.com/search?q=A*S*Y*S%20Acid%20Nightmare;https://www.discogs.com/search/?q=A*S*Y*S%20Acid%20Nightmare&type=all","","acid techno;hard_acid_bridge;fast_303_rave;Fe Chrome;artist_profile;recommendation_anchor","fast_303_rave","hard_acid_bridge","published","medium_high","Reforca linhas 303, rave classica e ponte com hard techno. Added as a reviewed catalog anchor with discovery links; official social links still need manual confirmation."
"minimal_techno","Plastikman","Spastik","Plus 8","126","126 BPM editorial guide for minimal techno","1993-01-01","","Canada","Windsor","Plus 8 / 1993 reference","https://www.beatport.com/search?q=Plastikman%20Spastik","https://www.youtube.com/results?search_query=Plastikman%20Spastik","","curated_public_discography_search","minimal_techno;minimal techno;minimal_machine_anchor;dry_percussion_hypnosis;minimal techno / hypnotic techno;Plus 8;curated_club_styles_v2","Richie Hawtin alias focused on reduction, repetition and machine-driven minimal techno. Included in club_styles_enrichment_v2_20260621 as minimal_machine_anchor for minimal techno.","Use Plastikman - Spastik when the user asks for minimal techno, related club energy, or dry_percussion_hypnosis.","https://www.google.com/search?q=Plastikman%20official%20instagram","https://open.spotify.com/search/Plastikman;https://soundcloud.com/search?q=Plastikman;https://www.youtube.com/results?search_query=Plastikman%20minimal%20techno%20live%20official;https://www.google.com/search?q=Plastikman%20minimal%20techno%20official%20instagram%20soundcloud%20bandcamp","https://www.beatport.com/search?q=Plastikman%20Spastik;https://www.discogs.com/search/?q=Plastikman%20Spastik&type=all","","minimal techno;minimal_machine_anchor;dry_percussion_hypnosis;Plus 8;artist_profile;recommendation_anchor","dry_percussion_hypnosis","minimal_machine_anchor","published","high","Cria base para recomendacoes hipnoticas, secas e funcionais. Added as a reviewed catalog anchor with discovery links; official social links still need manual confirmation."
"minimal_techno","Daniel Bell","Losing Control","Peacefrog","126","126 BPM editorial guide for minimal techno","1994-01-01","","United States","Detroit","Peacefrog / 1994 reference","https://www.beatport.com/search?q=Daniel%20Bell%20Losing%20Control","https://www.youtube.com/results?search_query=Daniel%20Bell%20Losing%20Control","","curated_public_discography_search","minimal_techno;minimal techno;detroit_minimal_anchor;stripped_hypnotic_loop;minimal techno / hypnotic techno;Peacefrog;curated_club_styles_v2","Detroit minimal figure associated with stripped rhythm, negative space and loop control. Included in club_styles_enrichment_v2_20260621 as detroit_minimal_anchor for minimal techno.","Use Daniel Bell - Losing Control when the user asks for minimal techno, related club energy, or stripped_hypnotic_loop.","https://www.google.com/search?q=Daniel%20Bell%20official%20instagram","https://open.spotify.com/search/Daniel%20Bell;https://soundcloud.com/search?q=Daniel%20Bell;https://www.youtube.com/results?search_query=Daniel%20Bell%20minimal%20techno%20live%20official;https://www.google.com/search?q=Daniel%20Bell%20minimal%20techno%20official%20instagram%20soundcloud%20bandcamp","https://www.beatport.com/search?q=Daniel%20Bell%20Losing%20Control;https://www.discogs.com/search/?q=Daniel%20Bell%20Losing%20Control&type=all","","minimal techno;detroit_minimal_anchor;stripped_hypnotic_loop;Peacefrog;artist_profile;recommendation_anchor","stripped_hypnotic_loop","detroit_minimal_anchor","published","high","Cria base para recomendacoes hipnoticas, secas e funcionais. Added as a reviewed catalog anchor with discovery links; official social links still need manual confirmation."
"minimal_techno","Basic Channel","Phylyps Trak II","Basic Channel","127","127 BPM editorial guide for minimal techno","1994-01-01","","Germany","Berlin","Basic Channel / 1994 reference","https://www.beatport.com/search?q=Basic%20Channel%20Phylyps%20Trak%20II","https://www.youtube.com/results?search_query=Basic%20Channel%20Phylyps%20Trak%20II","","curated_public_discography_search","minimal_techno;minimal techno;dub_minimal_anchor;deep_dub_hypnosis;minimal techno / hypnotic techno;Basic Channel;curated_club_styles_v2","Berlin project central to dub techno and reduced long-form club hypnosis. Included in club_styles_enrichment_v2_20260621 as dub_minimal_anchor for minimal techno.","Use Basic Channel - Phylyps Trak II when the user asks for minimal techno, related club energy, or deep_dub_hypnosis.","https://www.google.com/search?q=Basic%20Channel%20official%20instagram","https://open.spotify.com/search/Basic%20Channel;https://soundcloud.com/search?q=Basic%20Channel;https://www.youtube.com/results?search_query=Basic%20Channel%20minimal%20techno%20live%20official;https://www.google.com/search?q=Basic%20Channel%20minimal%20techno%20official%20instagram%20soundcloud%20bandcamp","https://www.beatport.com/search?q=Basic%20Channel%20Phylyps%20Trak%20II;https://www.discogs.com/search/?q=Basic%20Channel%20Phylyps%20Trak%20II&type=all","","minimal techno;dub_minimal_anchor;deep_dub_hypnosis;Basic Channel;artist_profile;recommendation_anchor","deep_dub_hypnosis","dub_minimal_anchor","published","high","Cria base para recomendacoes hipnoticas, secas e funcionais. Added as a reviewed catalog anchor with discovery links; official social links still need manual confirmation."
"minimal_techno","Maurizio","M4.5","Maurizio","127","127 BPM editorial guide for minimal techno","1995-01-01","","Germany","Berlin","Maurizio / 1995 reference","https://www.beatport.com/search?q=Maurizio%20M4.5","https://www.youtube.com/results?search_query=Maurizio%20M4.5","","curated_public_discography_search","minimal_techno;minimal techno;dub_minimal_depth;deep_dub_hypnosis;minimal techno / hypnotic techno;Maurizio;curated_club_styles_v2","Maurizio connects Basic Channel minimalism with dub pressure and skeletal techno swing. Included in club_styles_enrichment_v2_20260621 as dub_minimal_depth for minimal techno.","Use Maurizio - M4.5 when the user asks for minimal techno, related club energy, or deep_dub_hypnosis.","https://www.google.com/search?q=Maurizio%20official%20instagram","https://open.spotify.com/search/Maurizio;https://soundcloud.com/search?q=Maurizio;https://www.youtube.com/results?search_query=Maurizio%20minimal%20techno%20live%20official;https://www.google.com/search?q=Maurizio%20minimal%20techno%20official%20instagram%20soundcloud%20bandcamp","https://www.beatport.com/search?q=Maurizio%20M4.5;https://www.discogs.com/search/?q=Maurizio%20M4.5&type=all","","minimal techno;dub_minimal_depth;deep_dub_hypnosis;Maurizio;artist_profile;recommendation_anchor","deep_dub_hypnosis","dub_minimal_depth","published","medium_high","Cria base para recomendacoes hipnoticas, secas e funcionais. Added as a reviewed catalog anchor with discovery links; official social links still need manual confirmation."
"minimal_techno","Ricardo Villalobos","Dexter","Playhouse","126","126 BPM editorial guide for minimal techno","2003-01-01","","Chile","Berlin","Playhouse / 2003 reference","https://www.beatport.com/search?q=Ricardo%20Villalobos%20Dexter","https://www.youtube.com/results?search_query=Ricardo%20Villalobos%20Dexter","","curated_public_discography_search","minimal_techno;minimal techno;microhouse_minimal_anchor;long_form_minimal_groove;minimal techno / hypnotic techno;Playhouse;curated_club_styles_v2","Chilean-German artist known for long-form minimal, microhouse detail and elastic groove. Included in club_styles_enrichment_v2_20260621 as microhouse_minimal_anchor for minimal techno.","Use Ricardo Villalobos - Dexter when the user asks for minimal techno, related club energy, or long_form_minimal_groove.","https://www.google.com/search?q=Ricardo%20Villalobos%20official%20instagram","https://open.spotify.com/search/Ricardo%20Villalobos;https://soundcloud.com/search?q=Ricardo%20Villalobos;https://www.youtube.com/results?search_query=Ricardo%20Villalobos%20minimal%20techno%20live%20official;https://www.google.com/search?q=Ricardo%20Villalobos%20minimal%20techno%20official%20instagram%20soundcloud%20bandcamp","https://www.beatport.com/search?q=Ricardo%20Villalobos%20Dexter;https://www.discogs.com/search/?q=Ricardo%20Villalobos%20Dexter&type=all","","minimal techno;microhouse_minimal_anchor;long_form_minimal_groove;Playhouse;artist_profile;recommendation_anchor","long_form_minimal_groove","microhouse_minimal_anchor","published","high","Cria base para recomendacoes hipnoticas, secas e funcionais. Added as a reviewed catalog anchor with discovery links; official social links still need manual confirmation."
"minimal_techno","Mathew Jonson","Marionette","Wagon Repair","125","125 BPM editorial guide for minimal techno","2005-01-01","","Canada","Vancouver","Wagon Repair / 2005 reference","https://www.beatport.com/search?q=Mathew%20Jonson%20Marionette","https://www.youtube.com/results?search_query=Mathew%20Jonson%20Marionette","","curated_public_discography_search","minimal_techno;minimal techno;melodic_minimal_bridge;live_synth_hypnosis;minimal techno / hypnotic techno;Wagon Repair;curated_club_styles_v2","Canadian live act and producer with melodic minimal techno arrangements and modular motion. Included in club_styles_enrichment_v2_20260621 as melodic_minimal_bridge for minimal techno.","Use Mathew Jonson - Marionette when the user asks for minimal techno, related club energy, or live_synth_hypnosis.","https://www.google.com/search?q=Mathew%20Jonson%20official%20instagram","https://open.spotify.com/search/Mathew%20Jonson;https://soundcloud.com/search?q=Mathew%20Jonson;https://www.youtube.com/results?search_query=Mathew%20Jonson%20minimal%20techno%20live%20official;https://www.google.com/search?q=Mathew%20Jonson%20minimal%20techno%20official%20instagram%20soundcloud%20bandcamp","https://www.beatport.com/search?q=Mathew%20Jonson%20Marionette;https://www.discogs.com/search/?q=Mathew%20Jonson%20Marionette&type=all","","minimal techno;melodic_minimal_bridge;live_synth_hypnosis;Wagon Repair;artist_profile;recommendation_anchor","live_synth_hypnosis","melodic_minimal_bridge","published","medium_high","Cria base para recomendacoes hipnoticas, secas e funcionais. Added as a reviewed catalog anchor with discovery links; official social links still need manual confirmation."
"minimal_techno","Akufen","Deck The House","Perlon","126","126 BPM editorial guide for minimal techno","2002-01-01","","Canada","Montreal","Perlon / 2002 reference","https://www.beatport.com/search?q=Akufen%20Deck%20The%20House","https://www.youtube.com/results?search_query=Akufen%20Deck%20The%20House","","curated_public_discography_search","minimal_techno;minimal techno;microhouse_cutup_anchor;micro_groove_detail;minimal techno / hypnotic techno;Perlon;curated_club_styles_v2","Canadian producer associated with micro-sampling, dry swing and detailed minimal house/techno. Included in club_styles_enrichment_v2_20260621 as microhouse_cutup_anchor for minimal techno.","Use Akufen - Deck The House when the user asks for minimal techno, related club energy, or micro_groove_detail.","https://www.google.com/search?q=Akufen%20official%20instagram","https://open.spotify.com/search/Akufen;https://soundcloud.com/search?q=Akufen;https://www.youtube.com/results?search_query=Akufen%20minimal%20techno%20live%20official;https://www.google.com/search?q=Akufen%20minimal%20techno%20official%20instagram%20soundcloud%20bandcamp","https://www.beatport.com/search?q=Akufen%20Deck%20The%20House;https://www.discogs.com/search/?q=Akufen%20Deck%20The%20House&type=all","","minimal techno;microhouse_cutup_anchor;micro_groove_detail;Perlon;artist_profile;recommendation_anchor","micro_groove_detail","microhouse_cutup_anchor","published","high","Cria base para recomendacoes hipnoticas, secas e funcionais. Added as a reviewed catalog anchor with discovery links; official social links still need manual confirmation."
"minimal_techno","Donato Dozzy","Cassandra","Time To Express","126","126 BPM editorial guide for minimal techno","2015-01-01","","Italy","Rome","Time To Express / 2015 reference","https://www.beatport.com/search?q=Donato%20Dozzy%20Cassandra","https://www.youtube.com/results?search_query=Donato%20Dozzy%20Cassandra","","curated_public_discography_search","minimal_techno;minimal techno;hypnotic_minimal_depth;deep_hypnotic_roll;minimal techno / hypnotic techno;Time To Express;curated_club_styles_v2","Italian producer known for patient hypnotic techno, subtle progression and deep club pressure. Included in club_styles_enrichment_v2_20260621 as hypnotic_minimal_depth for minimal techno.","Use Donato Dozzy - Cassandra when the user asks for minimal techno, related club energy, or deep_hypnotic_roll.","https://www.google.com/search?q=Donato%20Dozzy%20official%20instagram","https://open.spotify.com/search/Donato%20Dozzy;https://soundcloud.com/search?q=Donato%20Dozzy;https://www.youtube.com/results?search_query=Donato%20Dozzy%20minimal%20techno%20live%20official;https://www.google.com/search?q=Donato%20Dozzy%20minimal%20techno%20official%20instagram%20soundcloud%20bandcamp","https://www.beatport.com/search?q=Donato%20Dozzy%20Cassandra;https://www.discogs.com/search/?q=Donato%20Dozzy%20Cassandra&type=all","","minimal techno;hypnotic_minimal_depth;deep_hypnotic_roll;Time To Express;artist_profile;recommendation_anchor","deep_hypnotic_roll","hypnotic_minimal_depth","published","medium_high","Cria base para recomendacoes hipnoticas, secas e funcionais. Added as a reviewed catalog anchor with discovery links; official social links still need manual confirmation."
"minimal_techno","Minilogue","Animals","Cocoon","126","126 BPM editorial guide for minimal techno","2008-01-01","","Sweden","Malmo","Cocoon / 2008 reference","https://www.beatport.com/search?q=Minilogue%20Animals","https://www.youtube.com/results?search_query=Minilogue%20Animals","","curated_public_discography_search","minimal_techno;minimal techno;progressive_minimal_bridge;rolling_minimal_melody;minimal techno / hypnotic techno;Cocoon;curated_club_styles_v2","Swedish duo bridging minimal techno, progressive motion and organic club detail. Included in club_styles_enrichment_v2_20260621 as progressive_minimal_bridge for minimal techno.","Use Minilogue - Animals when the user asks for minimal techno, related club energy, or rolling_minimal_melody.","https://www.google.com/search?q=Minilogue%20official%20instagram","https://open.spotify.com/search/Minilogue;https://soundcloud.com/search?q=Minilogue;https://www.youtube.com/results?search_query=Minilogue%20minimal%20techno%20live%20official;https://www.google.com/search?q=Minilogue%20minimal%20techno%20official%20instagram%20soundcloud%20bandcamp","https://www.beatport.com/search?q=Minilogue%20Animals;https://www.discogs.com/search/?q=Minilogue%20Animals&type=all","","minimal techno;progressive_minimal_bridge;rolling_minimal_melody;Cocoon;artist_profile;recommendation_anchor","rolling_minimal_melody","progressive_minimal_bridge","published","medium_high","Cria base para recomendacoes hipnoticas, secas e funcionais. Added as a reviewed catalog anchor with discovery links; official social links still need manual confirmation."
"minimal_techno","Mike Ink","Paroles","Profan","127","127 BPM editorial guide for minimal techno","1995-01-01","","Germany","Cologne","Profan / 1995 reference","https://www.beatport.com/search?q=Mike%20Ink%20Paroles","https://www.youtube.com/results?search_query=Mike%20Ink%20Paroles","","curated_public_discography_search","minimal_techno;minimal techno;cologne_minimal_anchor;dry_minimal_pulse;minimal techno / hypnotic techno;Profan;curated_club_styles_v2","Wolfgang Voigt alias tied to Cologne minimal, Profan tools and skeletal rhythmic language. Included in club_styles_enrichment_v2_20260621 as cologne_minimal_anchor for minimal techno.","Use Mike Ink - Paroles when the user asks for minimal techno, related club energy, or dry_minimal_pulse.","https://www.google.com/search?q=Mike%20Ink%20official%20instagram","https://open.spotify.com/search/Mike%20Ink;https://soundcloud.com/search?q=Mike%20Ink;https://www.youtube.com/results?search_query=Mike%20Ink%20minimal%20techno%20live%20official;https://www.google.com/search?q=Mike%20Ink%20minimal%20techno%20official%20instagram%20soundcloud%20bandcamp","https://www.beatport.com/search?q=Mike%20Ink%20Paroles;https://www.discogs.com/search/?q=Mike%20Ink%20Paroles&type=all","","minimal techno;cologne_minimal_anchor;dry_minimal_pulse;Profan;artist_profile;recommendation_anchor","dry_minimal_pulse","cologne_minimal_anchor","published","high","Cria base para recomendacoes hipnoticas, secas e funcionais. Added as a reviewed catalog anchor with discovery links; official social links still need manual confirmation."
"melodic_techno","Stephan Bodzin","Singularity","Life And Death","123","123 BPM editorial guide for melodic techno","2015-01-01","","Germany","Bremen","Life And Death / 2015 reference","https://www.beatport.com/search?q=Stephan%20Bodzin%20Singularity","https://www.youtube.com/results?search_query=Stephan%20Bodzin%20Singularity","","curated_public_discography_search","melodic_techno;melodic techno;synth_melody_anchor;melodic_peak_builder;melodic techno / progressive techno;Life And Death;curated_club_styles_v2","German producer known for expressive synth leads and dramatic melodic techno phrasing. Included in club_styles_enrichment_v2_20260621 as synth_melody_anchor for melodic techno.","Use Stephan Bodzin - Singularity when the user asks for melodic techno, related club energy, or melodic_peak_builder.","https://www.google.com/search?q=Stephan%20Bodzin%20official%20instagram","https://open.spotify.com/search/Stephan%20Bodzin;https://soundcloud.com/search?q=Stephan%20Bodzin;https://www.youtube.com/results?search_query=Stephan%20Bodzin%20melodic%20techno%20live%20official;https://www.google.com/search?q=Stephan%20Bodzin%20melodic%20techno%20official%20instagram%20soundcloud%20bandcamp","https://www.beatport.com/search?q=Stephan%20Bodzin%20Singularity;https://www.discogs.com/search/?q=Stephan%20Bodzin%20Singularity&type=all","","melodic techno;synth_melody_anchor;melodic_peak_builder;Life And Death;artist_profile;recommendation_anchor","melodic_peak_builder","synth_melody_anchor","published","high","Aumenta repertorio emocional, Afterlife-adjacent e peak melodico. Added as a reviewed catalog anchor with discovery links; official social links still need manual confirmation."
"melodic_techno","Tale Of Us","Another Earth","Minus","123","123 BPM editorial guide for melodic techno","2013-01-01","","Italy","Berlin","Minus / 2013 reference","https://www.beatport.com/search?q=Tale%20Of%20Us%20Another%20Earth","https://www.youtube.com/results?search_query=Tale%20Of%20Us%20Another%20Earth","","curated_public_discography_search","melodic_techno;melodic techno;afterlife_origin_bridge;cinematic_melodic_drive;melodic techno / progressive techno;Minus;curated_club_styles_v2","Italian duo central to cinematic melodic techno and the later Afterlife sound. Included in club_styles_enrichment_v2_20260621 as afterlife_origin_bridge for melodic techno.","Use Tale Of Us - Another Earth when the user asks for melodic techno, related club energy, or cinematic_melodic_drive.","https://www.google.com/search?q=Tale%20Of%20Us%20official%20instagram","https://open.spotify.com/search/Tale%20Of%20Us;https://soundcloud.com/search?q=Tale%20Of%20Us;https://www.youtube.com/results?search_query=Tale%20Of%20Us%20melodic%20techno%20live%20official;https://www.google.com/search?q=Tale%20Of%20Us%20melodic%20techno%20official%20instagram%20soundcloud%20bandcamp","https://www.beatport.com/search?q=Tale%20Of%20Us%20Another%20Earth;https://www.discogs.com/search/?q=Tale%20Of%20Us%20Another%20Earth&type=all","","melodic techno;afterlife_origin_bridge;cinematic_melodic_drive;Minus;artist_profile;recommendation_anchor","cinematic_melodic_drive","afterlife_origin_bridge","published","medium_high","Aumenta repertorio emocional, Afterlife-adjacent e peak melodico. Added as a reviewed catalog anchor with discovery links; official social links still need manual confirmation."
"melodic_techno","Maceo Plex","Solar Detroit","Ellum","124","124 BPM editorial guide for melodic techno","2015-01-01","","United States","Miami","Ellum / 2015 reference","https://www.beatport.com/search?q=Maceo%20Plex%20Solar%20Detroit","https://www.youtube.com/results?search_query=Maceo%20Plex%20Solar%20Detroit","","curated_public_discography_search","melodic_techno;melodic techno;electro_melodic_bridge;dark_melodic_groove;melodic techno / progressive techno;Ellum;curated_club_styles_v2","US artist and Ellum founder blending electro tension, dark house and melodic techno momentum. Included in club_styles_enrichment_v2_20260621 as electro_melodic_bridge for melodic techno.","Use Maceo Plex - Solar Detroit when the user asks for melodic techno, related club energy, or dark_melodic_groove.","https://www.google.com/search?q=Maceo%20Plex%20official%20instagram","https://open.spotify.com/search/Maceo%20Plex;https://soundcloud.com/search?q=Maceo%20Plex;https://www.youtube.com/results?search_query=Maceo%20Plex%20melodic%20techno%20live%20official;https://www.google.com/search?q=Maceo%20Plex%20melodic%20techno%20official%20instagram%20soundcloud%20bandcamp","https://www.beatport.com/search?q=Maceo%20Plex%20Solar%20Detroit;https://www.discogs.com/search/?q=Maceo%20Plex%20Solar%20Detroit&type=all","","melodic techno;electro_melodic_bridge;dark_melodic_groove;Ellum;artist_profile;recommendation_anchor","dark_melodic_groove","electro_melodic_bridge","published","medium_high","Aumenta repertorio emocional, Afterlife-adjacent e peak melodico. Added as a reviewed catalog anchor with discovery links; official social links still need manual confirmation."
"melodic_techno","ARTBAT","Upperground","Diynamic","124","124 BPM editorial guide for melodic techno","2021-01-01","","Ukraine","Kyiv","Diynamic / 2021 reference","https://www.beatport.com/search?q=ARTBAT%20Upperground","https://www.youtube.com/results?search_query=ARTBAT%20Upperground","","curated_public_discography_search","melodic_techno;melodic techno;modern_peak_melodic_anchor;peak_melodic_pressure;melodic techno / progressive techno;Diynamic;curated_club_styles_v2","Ukrainian duo associated with modern festival-scale melodic techno and strong melodic hooks. Included in club_styles_enrichment_v2_20260621 as modern_peak_melodic_anchor for melodic techno.","Use ARTBAT - Upperground when the user asks for melodic techno, related club energy, or peak_melodic_pressure.","https://www.google.com/search?q=ARTBAT%20official%20instagram","https://open.spotify.com/search/ARTBAT;https://soundcloud.com/search?q=ARTBAT;https://www.youtube.com/results?search_query=ARTBAT%20melodic%20techno%20live%20official;https://www.google.com/search?q=ARTBAT%20melodic%20techno%20official%20instagram%20soundcloud%20bandcamp","https://www.beatport.com/search?q=ARTBAT%20Upperground;https://www.discogs.com/search/?q=ARTBAT%20Upperground&type=all","","melodic techno;modern_peak_melodic_anchor;peak_melodic_pressure;Diynamic;artist_profile;recommendation_anchor","peak_melodic_pressure","modern_peak_melodic_anchor","published","high","Aumenta repertorio emocional, Afterlife-adjacent e peak melodico. Added as a reviewed catalog anchor with discovery links; official social links still need manual confirmation."
"melodic_techno","Mind Against","Walking Away","Life And Death","123","123 BPM editorial guide for melodic techno","2015-01-01","","Italy","Berlin","Life And Death / 2015 reference","https://www.beatport.com/search?q=Mind%20Against%20Walking%20Away","https://www.youtube.com/results?search_query=Mind%20Against%20Walking%20Away","","curated_public_discography_search","melodic_techno;melodic techno;emotional_melodic_depth;dark_melodic_flow;melodic techno / progressive techno;Life And Death;curated_club_styles_v2","Italian duo known for emotional synth tension, dark melodies and controlled club pressure. Included in club_styles_enrichment_v2_20260621 as emotional_melodic_depth for melodic techno.","Use Mind Against - Walking Away when the user asks for melodic techno, related club energy, or dark_melodic_flow.","https://www.google.com/search?q=Mind%20Against%20official%20instagram","https://open.spotify.com/search/Mind%20Against;https://soundcloud.com/search?q=Mind%20Against;https://www.youtube.com/results?search_query=Mind%20Against%20melodic%20techno%20live%20official;https://www.google.com/search?q=Mind%20Against%20melodic%20techno%20official%20instagram%20soundcloud%20bandcamp","https://www.beatport.com/search?q=Mind%20Against%20Walking%20Away;https://www.discogs.com/search/?q=Mind%20Against%20Walking%20Away&type=all","","melodic techno;emotional_melodic_depth;dark_melodic_flow;Life And Death;artist_profile;recommendation_anchor","dark_melodic_flow","emotional_melodic_depth","published","medium_high","Aumenta repertorio emocional, Afterlife-adjacent e peak melodico. Added as a reviewed catalog anchor with discovery links; official social links still need manual confirmation."
"melodic_techno","Adriatique","Home","Siamese","124","124 BPM editorial guide for melodic techno","2020-01-01","","Switzerland","Zurich","Siamese / 2020 reference","https://www.beatport.com/search?q=Adriatique%20Home","https://www.youtube.com/results?search_query=Adriatique%20Home","","curated_public_discography_search","melodic_techno;melodic techno;siamese_melodic_anchor;polished_melodic_groove;melodic techno / progressive techno;Siamese;curated_club_styles_v2","Swiss duo behind Siamese with polished melodic techno and progressive house crossover. Included in club_styles_enrichment_v2_20260621 as siamese_melodic_anchor for melodic techno.","Use Adriatique - Home when the user asks for melodic techno, related club energy, or polished_melodic_groove.","https://www.google.com/search?q=Adriatique%20official%20instagram","https://open.spotify.com/search/Adriatique;https://soundcloud.com/search?q=Adriatique;https://www.youtube.com/results?search_query=Adriatique%20melodic%20techno%20live%20official;https://www.google.com/search?q=Adriatique%20melodic%20techno%20official%20instagram%20soundcloud%20bandcamp","https://www.beatport.com/search?q=Adriatique%20Home;https://www.discogs.com/search/?q=Adriatique%20Home&type=all","","melodic techno;siamese_melodic_anchor;polished_melodic_groove;Siamese;artist_profile;recommendation_anchor","polished_melodic_groove","siamese_melodic_anchor","published","high","Aumenta repertorio emocional, Afterlife-adjacent e peak melodico. Added as a reviewed catalog anchor with discovery links; official social links still need manual confirmation."
"melodic_techno","Colyn","Resolve","Afterlife","124","124 BPM editorial guide for melodic techno","2020-01-01","","Netherlands","Amsterdam","Afterlife / 2020 reference","https://www.beatport.com/search?q=Colyn%20Resolve","https://www.youtube.com/results?search_query=Colyn%20Resolve","","curated_public_discography_search","melodic_techno;melodic techno;afterlife_melodic_depth;wide_melodic_build;melodic techno / progressive techno;Afterlife;curated_club_styles_v2","Dutch producer linked to atmospheric melodic techno and wide cinematic club builds. Included in club_styles_enrichment_v2_20260621 as afterlife_melodic_depth for melodic techno.","Use Colyn - Resolve when the user asks for melodic techno, related club energy, or wide_melodic_build.","https://www.google.com/search?q=Colyn%20official%20instagram","https://open.spotify.com/search/Colyn;https://soundcloud.com/search?q=Colyn;https://www.youtube.com/results?search_query=Colyn%20melodic%20techno%20live%20official;https://www.google.com/search?q=Colyn%20melodic%20techno%20official%20instagram%20soundcloud%20bandcamp","https://www.beatport.com/search?q=Colyn%20Resolve;https://www.discogs.com/search/?q=Colyn%20Resolve&type=all","","melodic techno;afterlife_melodic_depth;wide_melodic_build;Afterlife;artist_profile;recommendation_anchor","wide_melodic_build","afterlife_melodic_depth","published","medium_high","Aumenta repertorio emocional, Afterlife-adjacent e peak melodico. Added as a reviewed catalog anchor with discovery links; official social links still need manual confirmation."
"melodic_techno","Innellea","Vigilans","Afterlife","124","124 BPM editorial guide for melodic techno","2021-01-01","","Germany","Munich","Afterlife / 2021 reference","https://www.beatport.com/search?q=Innellea%20Vigilans","https://www.youtube.com/results?search_query=Innellea%20Vigilans","","curated_public_discography_search","melodic_techno;melodic techno;future_melodic_anchor;tense_melodic_drive;melodic techno / progressive techno;Afterlife;curated_club_styles_v2","German producer with sharp melodic sound design and high tension modern club arrangements. Included in club_styles_enrichment_v2_20260621 as future_melodic_anchor for melodic techno.","Use Innellea - Vigilans when the user asks for melodic techno, related club energy, or tense_melodic_drive.","https://www.google.com/search?q=Innellea%20official%20instagram","https://open.spotify.com/search/Innellea;https://soundcloud.com/search?q=Innellea;https://www.youtube.com/results?search_query=Innellea%20melodic%20techno%20live%20official;https://www.google.com/search?q=Innellea%20melodic%20techno%20official%20instagram%20soundcloud%20bandcamp","https://www.beatport.com/search?q=Innellea%20Vigilans;https://www.discogs.com/search/?q=Innellea%20Vigilans&type=all","","melodic techno;future_melodic_anchor;tense_melodic_drive;Afterlife;artist_profile;recommendation_anchor","tense_melodic_drive","future_melodic_anchor","published","high","Aumenta repertorio emocional, Afterlife-adjacent e peak melodico. Added as a reviewed catalog anchor with discovery links; official social links still need manual confirmation."
"melodic_techno","Massano","The Feeling","Afterlife","126","126 BPM editorial guide for melodic techno","2021-01-01","","United Kingdom","Liverpool","Afterlife / 2021 reference","https://www.beatport.com/search?q=Massano%20The%20Feeling","https://www.youtube.com/results?search_query=Massano%20The%20Feeling","","curated_public_discography_search","melodic_techno;melodic techno;peak_melodic_tool;peak_melodic_pressure;melodic techno / progressive techno;Afterlife;curated_club_styles_v2","UK producer useful for direct melodic techno pressure, big drops and dark progressive energy. Included in club_styles_enrichment_v2_20260621 as peak_melodic_tool for melodic techno.","Use Massano - The Feeling when the user asks for melodic techno, related club energy, or peak_melodic_pressure.","https://www.google.com/search?q=Massano%20official%20instagram","https://open.spotify.com/search/Massano;https://soundcloud.com/search?q=Massano;https://www.youtube.com/results?search_query=Massano%20melodic%20techno%20live%20official;https://www.google.com/search?q=Massano%20melodic%20techno%20official%20instagram%20soundcloud%20bandcamp","https://www.beatport.com/search?q=Massano%20The%20Feeling;https://www.discogs.com/search/?q=Massano%20The%20Feeling&type=all","","melodic techno;peak_melodic_tool;peak_melodic_pressure;Afterlife;artist_profile;recommendation_anchor","peak_melodic_pressure","peak_melodic_tool","published","medium_high","Aumenta repertorio emocional, Afterlife-adjacent e peak melodico. Added as a reviewed catalog anchor with discovery links; official social links still need manual confirmation."
"melodic_techno","Anyma","Consciousness","Afterlife","124","124 BPM editorial guide for melodic techno","2022-01-01","","Italy","Milan","Afterlife / 2022 reference","https://www.beatport.com/search?q=Anyma%20Consciousness","https://www.youtube.com/results?search_query=Anyma%20Consciousness","","curated_public_discography_search","melodic_techno;melodic techno;visual_melodic_anchor;cinematic_melodic_peak;melodic techno / progressive techno;Afterlife;curated_club_styles_v2","Italian artist associated with audiovisual melodic techno and dramatic vocal/synth hooks. Included in club_styles_enrichment_v2_20260621 as visual_melodic_anchor for melodic techno.","Use Anyma - Consciousness when the user asks for melodic techno, related club energy, or cinematic_melodic_peak.","https://www.google.com/search?q=Anyma%20official%20instagram","https://open.spotify.com/search/Anyma;https://soundcloud.com/search?q=Anyma;https://www.youtube.com/results?search_query=Anyma%20melodic%20techno%20live%20official;https://www.google.com/search?q=Anyma%20melodic%20techno%20official%20instagram%20soundcloud%20bandcamp","https://www.beatport.com/search?q=Anyma%20Consciousness;https://www.discogs.com/search/?q=Anyma%20Consciousness&type=all","","melodic techno;visual_melodic_anchor;cinematic_melodic_peak;Afterlife;artist_profile;recommendation_anchor","cinematic_melodic_peak","visual_melodic_anchor","published","high","Aumenta repertorio emocional, Afterlife-adjacent e peak melodico. Added as a reviewed catalog anchor with discovery links; official social links still need manual confirmation."
"minimal_deep_tech","Chris Stussy","All Night Long","Up The Stuss","128","128 BPM editorial guide for minimal deep tech","2020-01-01","","Netherlands","Amsterdam","Up The Stuss / 2020 reference","https://www.beatport.com/search?q=Chris%20Stussy%20All%20Night%20Long","https://www.youtube.com/results?search_query=Chris%20Stussy%20All%20Night%20Long","","curated_public_discography_search","minimal_deep_tech;minimal deep tech;modern_deep_tech_anchor;rolling_low_slung_groove;minimal deep tech / rominimal / deep tech;Up The Stuss;curated_club_styles_v2","Dutch artist central to the modern minimal deep tech wave and stripped rolling grooves. Included in club_styles_enrichment_v2_20260621 as modern_deep_tech_anchor for minimal deep tech.","Use Chris Stussy - All Night Long when the user asks for minimal deep tech, related club energy, or rolling_low_slung_groove.","https://www.google.com/search?q=Chris%20Stussy%20official%20instagram","https://open.spotify.com/search/Chris%20Stussy;https://soundcloud.com/search?q=Chris%20Stussy;https://www.youtube.com/results?search_query=Chris%20Stussy%20minimal%20deep%20tech%20live%20official;https://www.google.com/search?q=Chris%20Stussy%20minimal%20deep%20tech%20official%20instagram%20soundcloud%20bandcamp","https://www.beatport.com/search?q=Chris%20Stussy%20All%20Night%20Long;https://www.discogs.com/search/?q=Chris%20Stussy%20All%20Night%20Long&type=all","","minimal deep tech;modern_deep_tech_anchor;rolling_low_slung_groove;Up The Stuss;artist_profile;recommendation_anchor","rolling_low_slung_groove","modern_deep_tech_anchor","published","high","Melhora a ponte entre tech house, minimal house e groove underground. Added as a reviewed catalog anchor with discovery links; official social links still need manual confirmation."
"minimal_deep_tech","East End Dubs","bRave","Eastenderz","128","128 BPM editorial guide for minimal deep tech","2016-01-01","","United Kingdom","London","Eastenderz / 2016 reference","https://www.beatport.com/search?q=East%20End%20Dubs%20bRave","https://www.youtube.com/results?search_query=East%20End%20Dubs%20bRave","","curated_public_discography_search","minimal_deep_tech;minimal deep tech;uk_minimal_deep_anchor;dry_bassline_groove;minimal deep tech / rominimal / deep tech;Eastenderz;curated_club_styles_v2","London producer and Eastenderz figure focused on lean percussion and bass-led deep tech. Included in club_styles_enrichment_v2_20260621 as uk_minimal_deep_anchor for minimal deep tech.","Use East End Dubs - bRave when the user asks for minimal deep tech, related club energy, or dry_bassline_groove.","https://www.google.com/search?q=East%20End%20Dubs%20official%20instagram","https://open.spotify.com/search/East%20End%20Dubs;https://soundcloud.com/search?q=East%20End%20Dubs;https://www.youtube.com/results?search_query=East%20End%20Dubs%20minimal%20deep%20tech%20live%20official;https://www.google.com/search?q=East%20End%20Dubs%20minimal%20deep%20tech%20official%20instagram%20soundcloud%20bandcamp","https://www.beatport.com/search?q=East%20End%20Dubs%20bRave;https://www.discogs.com/search/?q=East%20End%20Dubs%20bRave&type=all","","minimal deep tech;uk_minimal_deep_anchor;dry_bassline_groove;Eastenderz;artist_profile;recommendation_anchor","dry_bassline_groove","uk_minimal_deep_anchor","published","high","Melhora a ponte entre tech house, minimal house e groove underground. Added as a reviewed catalog anchor with discovery links; official social links still need manual confirmation."
"minimal_deep_tech","Archie Hamilton","Mind Blank","Moscow Records","126","126 BPM editorial guide for minimal deep tech","2017-01-01","","United Kingdom","London","Moscow Records / 2017 reference","https://www.beatport.com/search?q=Archie%20Hamilton%20Mind%20Blank","https://www.youtube.com/results?search_query=Archie%20Hamilton%20Mind%20Blank","","curated_public_discography_search","minimal_deep_tech;minimal deep tech;uk_underground_bridge;rolling_minimal_groove;minimal deep tech / rominimal / deep tech;Moscow Records;curated_club_styles_v2","UK DJ-producer connected to minimal house, deep tech and rolling underground club tools. Included in club_styles_enrichment_v2_20260621 as uk_underground_bridge for minimal deep tech.","Use Archie Hamilton - Mind Blank when the user asks for minimal deep tech, related club energy, or rolling_minimal_groove.","https://www.google.com/search?q=Archie%20Hamilton%20official%20instagram","https://open.spotify.com/search/Archie%20Hamilton;https://soundcloud.com/search?q=Archie%20Hamilton;https://www.youtube.com/results?search_query=Archie%20Hamilton%20minimal%20deep%20tech%20live%20official;https://www.google.com/search?q=Archie%20Hamilton%20minimal%20deep%20tech%20official%20instagram%20soundcloud%20bandcamp","https://www.beatport.com/search?q=Archie%20Hamilton%20Mind%20Blank;https://www.discogs.com/search/?q=Archie%20Hamilton%20Mind%20Blank&type=all","","minimal deep tech;uk_underground_bridge;rolling_minimal_groove;Moscow Records;artist_profile;recommendation_anchor","rolling_minimal_groove","uk_underground_bridge","published","medium_high","Melhora a ponte entre tech house, minimal house e groove underground. Added as a reviewed catalog anchor with discovery links; official social links still need manual confirmation."
"minimal_deep_tech","Enzo Siragusa","Desire","Fuse London","126","126 BPM editorial guide for minimal deep tech","2018-01-01","","United Kingdom","London","Fuse London / 2018 reference","https://www.beatport.com/search?q=Enzo%20Siragusa%20Desire","https://www.youtube.com/results?search_query=Enzo%20Siragusa%20Desire","","curated_public_discography_search","minimal_deep_tech;minimal deep tech;fuse_london_anchor;warm_minimal_bassline;minimal deep tech / rominimal / deep tech;Fuse London;curated_club_styles_v2","FUSE London founder associated with deep tech, minimal house and warm low-end pressure. Included in club_styles_enrichment_v2_20260621 as fuse_london_anchor for minimal deep tech.","Use Enzo Siragusa - Desire when the user asks for minimal deep tech, related club energy, or warm_minimal_bassline.","https://www.google.com/search?q=Enzo%20Siragusa%20official%20instagram","https://open.spotify.com/search/Enzo%20Siragusa;https://soundcloud.com/search?q=Enzo%20Siragusa;https://www.youtube.com/results?search_query=Enzo%20Siragusa%20minimal%20deep%20tech%20live%20official;https://www.google.com/search?q=Enzo%20Siragusa%20minimal%20deep%20tech%20official%20instagram%20soundcloud%20bandcamp","https://www.beatport.com/search?q=Enzo%20Siragusa%20Desire;https://www.discogs.com/search/?q=Enzo%20Siragusa%20Desire&type=all","","minimal deep tech;fuse_london_anchor;warm_minimal_bassline;Fuse London;artist_profile;recommendation_anchor","warm_minimal_bassline","fuse_london_anchor","published","high","Melhora a ponte entre tech house, minimal house e groove underground. Added as a reviewed catalog anchor with discovery links; official social links still need manual confirmation."
"minimal_deep_tech","Sidney Charles","House 2 Heal","Heavy House Society","126","126 BPM editorial guide for minimal deep tech","2020-01-01","","Germany","Hamburg","Heavy House Society / 2020 reference","https://www.beatport.com/search?q=Sidney%20Charles%20House%202%20Heal","https://www.youtube.com/results?search_query=Sidney%20Charles%20House%202%20Heal","","curated_public_discography_search","minimal_deep_tech;minimal deep tech;house_to_deep_tech_bridge;swinging_deep_tech;minimal deep tech / rominimal / deep tech;Heavy House Society;curated_club_styles_v2","German producer bridging classic house swing with modern minimal deep tech drive. Included in club_styles_enrichment_v2_20260621 as house_to_deep_tech_bridge for minimal deep tech.","Use Sidney Charles - House 2 Heal when the user asks for minimal deep tech, related club energy, or swinging_deep_tech.","https://www.google.com/search?q=Sidney%20Charles%20official%20instagram","https://open.spotify.com/search/Sidney%20Charles;https://soundcloud.com/search?q=Sidney%20Charles;https://www.youtube.com/results?search_query=Sidney%20Charles%20minimal%20deep%20tech%20live%20official;https://www.google.com/search?q=Sidney%20Charles%20minimal%20deep%20tech%20official%20instagram%20soundcloud%20bandcamp","https://www.beatport.com/search?q=Sidney%20Charles%20House%202%20Heal;https://www.discogs.com/search/?q=Sidney%20Charles%20House%202%20Heal&type=all","","minimal deep tech;house_to_deep_tech_bridge;swinging_deep_tech;Heavy House Society;artist_profile;recommendation_anchor","swinging_deep_tech","house_to_deep_tech_bridge","published","medium_high","Melhora a ponte entre tech house, minimal house e groove underground. Added as a reviewed catalog anchor with discovery links; official social links still need manual confirmation."
"minimal_deep_tech","DJOKO","Hooked","PIV","128","128 BPM editorial guide for minimal deep tech","2019-01-01","","Germany","Cologne","PIV / 2019 reference","https://www.beatport.com/search?q=DJOKO%20Hooked","https://www.youtube.com/results?search_query=DJOKO%20Hooked","","curated_public_discography_search","minimal_deep_tech;minimal deep tech;piv_groove_anchor;bouncy_deep_tech;minimal deep tech / rominimal / deep tech;PIV;curated_club_styles_v2","Cologne producer tied to PIV-style groove, crisp drums and modern deep tech energy. Included in club_styles_enrichment_v2_20260621 as piv_groove_anchor for minimal deep tech.","Use DJOKO - Hooked when the user asks for minimal deep tech, related club energy, or bouncy_deep_tech.","https://www.google.com/search?q=DJOKO%20official%20instagram","https://open.spotify.com/search/DJOKO;https://soundcloud.com/search?q=DJOKO;https://www.youtube.com/results?search_query=DJOKO%20minimal%20deep%20tech%20live%20official;https://www.google.com/search?q=DJOKO%20minimal%20deep%20tech%20official%20instagram%20soundcloud%20bandcamp","https://www.beatport.com/search?q=DJOKO%20Hooked;https://www.discogs.com/search/?q=DJOKO%20Hooked&type=all","","minimal deep tech;piv_groove_anchor;bouncy_deep_tech;PIV;artist_profile;recommendation_anchor","bouncy_deep_tech","piv_groove_anchor","published","high","Melhora a ponte entre tech house, minimal house e groove underground. Added as a reviewed catalog anchor with discovery links; official social links still need manual confirmation."
"minimal_deep_tech","Dimmish","Brain Tornado","Solid Grooves Raw","128","128 BPM editorial guide for minimal deep tech","2018-01-01","","Italy","Italy","Solid Grooves Raw / 2018 reference","https://www.beatport.com/search?q=Dimmish%20Brain%20Tornado","https://www.youtube.com/results?search_query=Dimmish%20Brain%20Tornado","","curated_public_discography_search","minimal_deep_tech;minimal deep tech;solid_grooves_raw_bridge;minimal_bassline_tool;minimal deep tech / rominimal / deep tech;Solid Grooves Raw;curated_club_styles_v2","Italian producer useful for lean bassline tools, dry swing and club-functional minimal deep tech. Included in club_styles_enrichment_v2_20260621 as solid_grooves_raw_bridge for minimal deep tech.","Use Dimmish - Brain Tornado when the user asks for minimal deep tech, related club energy, or minimal_bassline_tool.","https://www.google.com/search?q=Dimmish%20official%20instagram","https://open.spotify.com/search/Dimmish;https://soundcloud.com/search?q=Dimmish;https://www.youtube.com/results?search_query=Dimmish%20minimal%20deep%20tech%20live%20official;https://www.google.com/search?q=Dimmish%20minimal%20deep%20tech%20official%20instagram%20soundcloud%20bandcamp","https://www.beatport.com/search?q=Dimmish%20Brain%20Tornado;https://www.discogs.com/search/?q=Dimmish%20Brain%20Tornado&type=all","","minimal deep tech;solid_grooves_raw_bridge;minimal_bassline_tool;Solid Grooves Raw;artist_profile;recommendation_anchor","minimal_bassline_tool","solid_grooves_raw_bridge","published","medium_high","Melhora a ponte entre tech house, minimal house e groove underground. Added as a reviewed catalog anchor with discovery links; official social links still need manual confirmation."
"minimal_deep_tech","Toman","Feel It","PIV","128","128 BPM editorial guide for minimal deep tech","2019-01-01","","Netherlands","Netherlands","PIV / 2019 reference","https://www.beatport.com/search?q=Toman%20Feel%20It","https://www.youtube.com/results?search_query=Toman%20Feel%20It","","curated_public_discography_search","minimal_deep_tech;minimal deep tech;dutch_deep_tech_depth;rolling_low_slung_groove;minimal deep tech / rominimal / deep tech;PIV;curated_club_styles_v2","Dutch artist with clean rolling grooves that connect tech house users to deeper minimal material. Included in club_styles_enrichment_v2_20260621 as dutch_deep_tech_depth for minimal deep tech.","Use Toman - Feel It when the user asks for minimal deep tech, related club energy, or rolling_low_slung_groove.","https://www.google.com/search?q=Toman%20official%20instagram","https://open.spotify.com/search/Toman;https://soundcloud.com/search?q=Toman;https://www.youtube.com/results?search_query=Toman%20minimal%20deep%20tech%20live%20official;https://www.google.com/search?q=Toman%20minimal%20deep%20tech%20official%20instagram%20soundcloud%20bandcamp","https://www.beatport.com/search?q=Toman%20Feel%20It;https://www.discogs.com/search/?q=Toman%20Feel%20It&type=all","","minimal deep tech;dutch_deep_tech_depth;rolling_low_slung_groove;PIV;artist_profile;recommendation_anchor","rolling_low_slung_groove","dutch_deep_tech_depth","published","medium_high","Melhora a ponte entre tech house, minimal house e groove underground. Added as a reviewed catalog anchor with discovery links; official social links still need manual confirmation."
"minimal_deep_tech","Prunk","Le Funk","PIV","126","126 BPM editorial guide for minimal deep tech","2017-01-01","","Netherlands","Amsterdam","PIV / 2017 reference","https://www.beatport.com/search?q=Prunk%20Le%20Funk","https://www.youtube.com/results?search_query=Prunk%20Le%20Funk","","curated_public_discography_search","minimal_deep_tech;minimal deep tech;piv_label_anchor;warm_deep_tech_swing;minimal deep tech / rominimal / deep tech;PIV;curated_club_styles_v2","PIV founder and DJ-producer with warm house roots and minimal deep tech club function. Included in club_styles_enrichment_v2_20260621 as piv_label_anchor for minimal deep tech.","Use Prunk - Le Funk when the user asks for minimal deep tech, related club energy, or warm_deep_tech_swing.","https://www.google.com/search?q=Prunk%20official%20instagram","https://open.spotify.com/search/Prunk;https://soundcloud.com/search?q=Prunk;https://www.youtube.com/results?search_query=Prunk%20minimal%20deep%20tech%20live%20official;https://www.google.com/search?q=Prunk%20minimal%20deep%20tech%20official%20instagram%20soundcloud%20bandcamp","https://www.beatport.com/search?q=Prunk%20Le%20Funk;https://www.discogs.com/search/?q=Prunk%20Le%20Funk&type=all","","minimal deep tech;piv_label_anchor;warm_deep_tech_swing;PIV;artist_profile;recommendation_anchor","warm_deep_tech_swing","piv_label_anchor","published","high","Melhora a ponte entre tech house, minimal house e groove underground. Added as a reviewed catalog anchor with discovery links; official social links still need manual confirmation."
"minimal_deep_tech","Rossi.","Paradise","Homegrown","128","128 BPM editorial guide for minimal deep tech","2021-01-01","","United Kingdom","London","Homegrown / 2021 reference","https://www.beatport.com/search?q=Rossi.%20Paradise","https://www.youtube.com/results?search_query=Rossi.%20Paradise","","curated_public_discography_search","minimal_deep_tech;minimal deep tech;new_school_uk_deep_tech;rolling_low_slung_groove;minimal deep tech / rominimal / deep tech;Homegrown;curated_club_styles_v2","UK artist representing newer rolling minimal/deep tech language for modern club recommendations. Included in club_styles_enrichment_v2_20260621 as new_school_uk_deep_tech for minimal deep tech.","Use Rossi. - Paradise when the user asks for minimal deep tech, related club energy, or rolling_low_slung_groove.","https://www.google.com/search?q=Rossi.%20official%20instagram","https://open.spotify.com/search/Rossi.;https://soundcloud.com/search?q=Rossi.;https://www.youtube.com/results?search_query=Rossi.%20minimal%20deep%20tech%20live%20official;https://www.google.com/search?q=Rossi.%20minimal%20deep%20tech%20official%20instagram%20soundcloud%20bandcamp","https://www.beatport.com/search?q=Rossi.%20Paradise;https://www.discogs.com/search/?q=Rossi.%20Paradise&type=all","","minimal deep tech;new_school_uk_deep_tech;rolling_low_slung_groove;Homegrown;artist_profile;recommendation_anchor","rolling_low_slung_groove","new_school_uk_deep_tech","published","medium_high","Melhora a ponte entre tech house, minimal house e groove underground. Added as a reviewed catalog anchor with discovery links; official social links still need manual confirmation."
"afro_house","Black Coffee","We Dance Again","Soulistic Music","122","122 BPM editorial guide for afro house","2015-01-01","","South Africa","Durban","Soulistic Music / 2015 reference","https://www.beatport.com/search?q=Black%20Coffee%20We%20Dance%20Again","https://www.youtube.com/results?search_query=Black%20Coffee%20We%20Dance%20Again","","curated_public_discography_search","afro_house;afro house;south_african_afro_house_anchor;warm_percussive_groove;afro house / afro tech;Soulistic Music;curated_club_styles_v2","South African artist and global reference point for soulful afro house and restrained club emotion. Included in club_styles_enrichment_v2_20260621 as south_african_afro_house_anchor for afro house.","Use Black Coffee - We Dance Again when the user asks for afro house, related club energy, or warm_percussive_groove.","https://www.google.com/search?q=Black%20Coffee%20official%20instagram","https://open.spotify.com/search/Black%20Coffee;https://soundcloud.com/search?q=Black%20Coffee;https://www.youtube.com/results?search_query=Black%20Coffee%20afro%20house%20live%20official;https://www.google.com/search?q=Black%20Coffee%20afro%20house%20official%20instagram%20soundcloud%20bandcamp","https://www.beatport.com/search?q=Black%20Coffee%20We%20Dance%20Again;https://www.discogs.com/search/?q=Black%20Coffee%20We%20Dance%20Again&type=all","","afro house;south_african_afro_house_anchor;warm_percussive_groove;Soulistic Music;artist_profile;recommendation_anchor","warm_percussive_groove","south_african_afro_house_anchor","published","high","Adiciona groove percussivo, cena sul-africana e house organico de pista. Added as a reviewed catalog anchor with discovery links; official social links still need manual confirmation."
"afro_house","Culoe De Song","Y.O.U.D.","Innervisions","122","122 BPM editorial guide for afro house","2011-01-01","","South Africa","Eshowe","Innervisions / 2011 reference","https://www.beatport.com/search?q=Culoe%20De%20Song%20Y.O.U.D.","https://www.youtube.com/results?search_query=Culoe%20De%20Song%20Y.O.U.D.","","curated_public_discography_search","afro_house;afro house;deep_afro_house_anchor;deep_percussive_flow;afro house / afro tech;Innervisions;curated_club_styles_v2","South African producer known for deep, spiritual and percussive afro house pressure. Included in club_styles_enrichment_v2_20260621 as deep_afro_house_anchor for afro house.","Use Culoe De Song - Y.O.U.D. when the user asks for afro house, related club energy, or deep_percussive_flow.","https://www.google.com/search?q=Culoe%20De%20Song%20official%20instagram","https://open.spotify.com/search/Culoe%20De%20Song;https://soundcloud.com/search?q=Culoe%20De%20Song;https://www.youtube.com/results?search_query=Culoe%20De%20Song%20afro%20house%20live%20official;https://www.google.com/search?q=Culoe%20De%20Song%20afro%20house%20official%20instagram%20soundcloud%20bandcamp","https://www.beatport.com/search?q=Culoe%20De%20Song%20Y.O.U.D.;https://www.discogs.com/search/?q=Culoe%20De%20Song%20Y.O.U.D.&type=all","","afro house;deep_afro_house_anchor;deep_percussive_flow;Innervisions;artist_profile;recommendation_anchor","deep_percussive_flow","deep_afro_house_anchor","published","high","Adiciona groove percussivo, cena sul-africana e house organico de pista. Added as a reviewed catalog anchor with discovery links; official social links still need manual confirmation."
"afro_house","Da Capo","Umbovukazi","Iklwa Brothers","122","122 BPM editorial guide for afro house","2017-01-01","","South Africa","Limpopo","Iklwa Brothers / 2017 reference","https://www.beatport.com/search?q=Da%20Capo%20Umbovukazi","https://www.youtube.com/results?search_query=Da%20Capo%20Umbovukazi","","curated_public_discography_search","afro_house;afro house;afro_tech_depth;melodic_afro_drive;afro house / afro tech;Iklwa Brothers;curated_club_styles_v2","South African artist with melodic afro tech language, emotional synths and rolling percussion. Included in club_styles_enrichment_v2_20260621 as afro_tech_depth for afro house.","Use Da Capo - Umbovukazi when the user asks for afro house, related club energy, or melodic_afro_drive.","https://www.google.com/search?q=Da%20Capo%20official%20instagram","https://open.spotify.com/search/Da%20Capo;https://soundcloud.com/search?q=Da%20Capo;https://www.youtube.com/results?search_query=Da%20Capo%20afro%20house%20live%20official;https://www.google.com/search?q=Da%20Capo%20afro%20house%20official%20instagram%20soundcloud%20bandcamp","https://www.beatport.com/search?q=Da%20Capo%20Umbovukazi;https://www.discogs.com/search/?q=Da%20Capo%20Umbovukazi&type=all","","afro house;afro_tech_depth;melodic_afro_drive;Iklwa Brothers;artist_profile;recommendation_anchor","melodic_afro_drive","afro_tech_depth","published","medium_high","Adiciona groove percussivo, cena sul-africana e house organico de pista. Added as a reviewed catalog anchor with discovery links; official social links still need manual confirmation."
"afro_house","Enoo Napa","The Cure","MoBlack Records","122","122 BPM editorial guide for afro house","2017-01-01","","South Africa","Durban","MoBlack Records / 2017 reference","https://www.beatport.com/search?q=Enoo%20Napa%20The%20Cure","https://www.youtube.com/results?search_query=Enoo%20Napa%20The%20Cure","","curated_public_discography_search","afro_house;afro house;afro_tech_peak_bridge;dark_afro_tech;afro house / afro tech;MoBlack Records;curated_club_styles_v2","South African producer associated with darker afro tech and hypnotic percussive club tools. Included in club_styles_enrichment_v2_20260621 as afro_tech_peak_bridge for afro house.","Use Enoo Napa - The Cure when the user asks for afro house, related club energy, or dark_afro_tech.","https://www.google.com/search?q=Enoo%20Napa%20official%20instagram","https://open.spotify.com/search/Enoo%20Napa;https://soundcloud.com/search?q=Enoo%20Napa;https://www.youtube.com/results?search_query=Enoo%20Napa%20afro%20house%20live%20official;https://www.google.com/search?q=Enoo%20Napa%20afro%20house%20official%20instagram%20soundcloud%20bandcamp","https://www.beatport.com/search?q=Enoo%20Napa%20The%20Cure;https://www.discogs.com/search/?q=Enoo%20Napa%20The%20Cure&type=all","","afro house;afro_tech_peak_bridge;dark_afro_tech;MoBlack Records;artist_profile;recommendation_anchor","dark_afro_tech","afro_tech_peak_bridge","published","medium_high","Adiciona groove percussivo, cena sul-africana e house organico de pista. Added as a reviewed catalog anchor with discovery links; official social links still need manual confirmation."
"afro_house","Caiiro","Fefe","Afrocentric Records","122","122 BPM editorial guide for afro house","2019-01-01","","South Africa","Pretoria","Afrocentric Records / 2019 reference","https://www.beatport.com/search?q=Caiiro%20Fefe","https://www.youtube.com/results?search_query=Caiiro%20Fefe","","curated_public_discography_search","afro_house;afro house;afro_melodic_scene_depth;percussive_melodic_afro;afro house / afro tech;Afrocentric Records;curated_club_styles_v2","South African artist useful for melodic afro house, steady percussion and wide atmospheric pads. Included in club_styles_enrichment_v2_20260621 as afro_melodic_scene_depth for afro house.","Use Caiiro - Fefe when the user asks for afro house, related club energy, or percussive_melodic_afro.","https://www.google.com/search?q=Caiiro%20official%20instagram","https://open.spotify.com/search/Caiiro;https://soundcloud.com/search?q=Caiiro;https://www.youtube.com/results?search_query=Caiiro%20afro%20house%20live%20official;https://www.google.com/search?q=Caiiro%20afro%20house%20official%20instagram%20soundcloud%20bandcamp","https://www.beatport.com/search?q=Caiiro%20Fefe;https://www.discogs.com/search/?q=Caiiro%20Fefe&type=all","","afro house;afro_melodic_scene_depth;percussive_melodic_afro;Afrocentric Records;artist_profile;recommendation_anchor","percussive_melodic_afro","afro_melodic_scene_depth","published","medium_high","Adiciona groove percussivo, cena sul-africana e house organico de pista. Added as a reviewed catalog anchor with discovery links; official social links still need manual confirmation."
"afro_house","Shimza","Fight To Love","Shimuzic","122","122 BPM editorial guide for afro house","2014-01-01","","South Africa","Tembisa","Shimuzic / 2014 reference","https://www.beatport.com/search?q=Shimza%20Fight%20To%20Love","https://www.youtube.com/results?search_query=Shimza%20Fight%20To%20Love","","curated_public_discography_search","afro_house;afro house;south_african_club_anchor;uplifting_afro_house;afro house / afro tech;Shimuzic;curated_club_styles_v2","South African DJ-producer connected to large-room afro house and accessible percussive energy. Included in club_styles_enrichment_v2_20260621 as south_african_club_anchor for afro house.","Use Shimza - Fight To Love when the user asks for afro house, related club energy, or uplifting_afro_house.","https://www.google.com/search?q=Shimza%20official%20instagram","https://open.spotify.com/search/Shimza;https://soundcloud.com/search?q=Shimza;https://www.youtube.com/results?search_query=Shimza%20afro%20house%20live%20official;https://www.google.com/search?q=Shimza%20afro%20house%20official%20instagram%20soundcloud%20bandcamp","https://www.beatport.com/search?q=Shimza%20Fight%20To%20Love;https://www.discogs.com/search/?q=Shimza%20Fight%20To%20Love&type=all","","afro house;south_african_club_anchor;uplifting_afro_house;Shimuzic;artist_profile;recommendation_anchor","uplifting_afro_house","south_african_club_anchor","published","high","Adiciona groove percussivo, cena sul-africana e house organico de pista. Added as a reviewed catalog anchor with discovery links; official social links still need manual confirmation."
"afro_house","Hyenah","The Wish","Rise Music","122","122 BPM editorial guide for afro house","2018-01-01","","Germany","Berlin","Rise Music / 2018 reference","https://www.beatport.com/search?q=Hyenah%20The%20Wish","https://www.youtube.com/results?search_query=Hyenah%20The%20Wish","","curated_public_discography_search","afro_house;afro house;afro_house_bridge;tribal_deep_groove;afro house / afro tech;Rise Music;curated_club_styles_v2","Berlin-linked masked project that bridges afro house, deep house and percussive melodic club moods. Included in club_styles_enrichment_v2_20260621 as afro_house_bridge for afro house.","Use Hyenah - The Wish when the user asks for afro house, related club energy, or tribal_deep_groove.","https://www.google.com/search?q=Hyenah%20official%20instagram","https://open.spotify.com/search/Hyenah;https://soundcloud.com/search?q=Hyenah;https://www.youtube.com/results?search_query=Hyenah%20afro%20house%20live%20official;https://www.google.com/search?q=Hyenah%20afro%20house%20official%20instagram%20soundcloud%20bandcamp","https://www.beatport.com/search?q=Hyenah%20The%20Wish;https://www.discogs.com/search/?q=Hyenah%20The%20Wish&type=all","","afro house;afro_house_bridge;tribal_deep_groove;Rise Music;artist_profile;recommendation_anchor","tribal_deep_groove","afro_house_bridge","published","medium_high","Adiciona groove percussivo, cena sul-africana e house organico de pista. Added as a reviewed catalog anchor with discovery links; official social links still need manual confirmation."
"afro_house","THEMBA","Who Is THEMBA","Herd","122","122 BPM editorial guide for afro house","2018-01-01","","South Africa","Johannesburg","Herd / 2018 reference","https://www.beatport.com/search?q=THEMBA%20Who%20Is%20THEMBA","https://www.youtube.com/results?search_query=THEMBA%20Who%20Is%20THEMBA","","curated_public_discography_search","afro_house;afro house;afro_house_identity_anchor;percussive_peak_groove;afro house / afro tech;Herd;curated_club_styles_v2","South African artist bringing modern afro house identity, vocals and club-forward percussion. Included in club_styles_enrichment_v2_20260621 as afro_house_identity_anchor for afro house.","Use THEMBA - Who Is THEMBA when the user asks for afro house, related club energy, or percussive_peak_groove.","https://www.google.com/search?q=THEMBA%20official%20instagram","https://open.spotify.com/search/THEMBA;https://soundcloud.com/search?q=THEMBA;https://www.youtube.com/results?search_query=THEMBA%20afro%20house%20live%20official;https://www.google.com/search?q=THEMBA%20afro%20house%20official%20instagram%20soundcloud%20bandcamp","https://www.beatport.com/search?q=THEMBA%20Who%20Is%20THEMBA;https://www.discogs.com/search/?q=THEMBA%20Who%20Is%20THEMBA&type=all","","afro house;afro_house_identity_anchor;percussive_peak_groove;Herd;artist_profile;recommendation_anchor","percussive_peak_groove","afro_house_identity_anchor","published","high","Adiciona groove percussivo, cena sul-africana e house organico de pista. Added as a reviewed catalog anchor with discovery links; official social links still need manual confirmation."
"afro_house","Sparrow & Barbossa","Morena","MoBlack Records","122","122 BPM editorial guide for afro house","2020-01-01","","Spain","Madrid","MoBlack Records / 2020 reference","https://www.beatport.com/search?q=Sparrow%20%26%20Barbossa%20Morena","https://www.youtube.com/results?search_query=Sparrow%20%26%20Barbossa%20Morena","","curated_public_discography_search","afro_house;afro house;latin_afro_bridge;global_percussion_house;afro house / afro tech;MoBlack Records;curated_club_styles_v2","Duo blending afro house, Latin percussion and organic instrumentation for global club flow. Included in club_styles_enrichment_v2_20260621 as latin_afro_bridge for afro house.","Use Sparrow & Barbossa - Morena when the user asks for afro house, related club energy, or global_percussion_house.","https://www.google.com/search?q=Sparrow%20%26%20Barbossa%20official%20instagram","https://open.spotify.com/search/Sparrow%20%26%20Barbossa;https://soundcloud.com/search?q=Sparrow%20%26%20Barbossa;https://www.youtube.com/results?search_query=Sparrow%20%26%20Barbossa%20afro%20house%20live%20official;https://www.google.com/search?q=Sparrow%20%26%20Barbossa%20afro%20house%20official%20instagram%20soundcloud%20bandcamp","https://www.beatport.com/search?q=Sparrow%20%26%20Barbossa%20Morena;https://www.discogs.com/search/?q=Sparrow%20%26%20Barbossa%20Morena&type=all","","afro house;latin_afro_bridge;global_percussion_house;MoBlack Records;artist_profile;recommendation_anchor","global_percussion_house","latin_afro_bridge","published","medium_high","Adiciona groove percussivo, cena sul-africana e house organico de pista. Added as a reviewed catalog anchor with discovery links; official social links still need manual confirmation."
"afro_house","Djeff","Elegom Bounsa","Kazukuta Records","122","122 BPM editorial guide for afro house","2014-01-01","","Angola","Luanda","Kazukuta Records / 2014 reference","https://www.beatport.com/search?q=Djeff%20Elegom%20Bounsa","https://www.youtube.com/results?search_query=Djeff%20Elegom%20Bounsa","","curated_public_discography_search","afro_house;afro house;lusophone_afro_house_depth;percussive_afro_depth;afro house / afro tech;Kazukuta Records;curated_club_styles_v2","Angolan-Portuguese artist useful for lusophone afro house context and warm percussive depth. Included in club_styles_enrichment_v2_20260621 as lusophone_afro_house_depth for afro house.","Use Djeff - Elegom Bounsa when the user asks for afro house, related club energy, or percussive_afro_depth.","https://www.google.com/search?q=Djeff%20official%20instagram","https://open.spotify.com/search/Djeff;https://soundcloud.com/search?q=Djeff;https://www.youtube.com/results?search_query=Djeff%20afro%20house%20live%20official;https://www.google.com/search?q=Djeff%20afro%20house%20official%20instagram%20soundcloud%20bandcamp","https://www.beatport.com/search?q=Djeff%20Elegom%20Bounsa;https://www.discogs.com/search/?q=Djeff%20Elegom%20Bounsa&type=all","","afro house;lusophone_afro_house_depth;percussive_afro_depth;Kazukuta Records;artist_profile;recommendation_anchor","percussive_afro_depth","lusophone_afro_house_depth","published","medium_high","Adiciona groove percussivo, cena sul-africana e house organico de pista. Added as a reviewed catalog anchor with discovery links; official social links still need manual confirmation."
"organic_house","Satori","Umama","Crosstown Rebels","118","118 BPM editorial guide for organic house","2016-01-01","","Netherlands","Amsterdam","Crosstown Rebels / 2016 reference","https://www.beatport.com/search?q=Satori%20Umama","https://www.youtube.com/results?search_query=Satori%20Umama","","curated_public_discography_search","organic_house;organic house;organic_live_anchor;slow_organic_groove;organic house / downtempo house;Crosstown Rebels;curated_club_styles_v2","Dutch live artist blending organic instrumentation, house pulse and global melodic motifs. Included in club_styles_enrichment_v2_20260621 as organic_live_anchor for organic house.","Use Satori - Umama when the user asks for organic house, related club energy, or slow_organic_groove.","https://www.google.com/search?q=Satori%20official%20instagram","https://open.spotify.com/search/Satori;https://soundcloud.com/search?q=Satori;https://www.youtube.com/results?search_query=Satori%20organic%20house%20live%20official;https://www.google.com/search?q=Satori%20organic%20house%20official%20instagram%20soundcloud%20bandcamp","https://www.beatport.com/search?q=Satori%20Umama;https://www.discogs.com/search/?q=Satori%20Umama&type=all","","organic house;organic_live_anchor;slow_organic_groove;Crosstown Rebels;artist_profile;recommendation_anchor","slow_organic_groove","organic_live_anchor","published","high","Amplia recomendacoes de textura organica, live feel e melodias globais. Added as a reviewed catalog anchor with discovery links; official social links still need manual confirmation."
"organic_house","Be Svendsen","Andromeda","Music For Dreams","116","116 BPM editorial guide for organic house","2018-01-01","","Denmark","Copenhagen","Music For Dreams / 2018 reference","https://www.beatport.com/search?q=Be%20Svendsen%20Andromeda","https://www.youtube.com/results?search_query=Be%20Svendsen%20Andromeda","","curated_public_discography_search","organic_house;organic house;desert_downtempo_anchor;slow_burn_organic;organic house / downtempo house;Music For Dreams;curated_club_styles_v2","Danish artist known for desert-leaning organic house, downtempo swing and live-feeling textures. Included in club_styles_enrichment_v2_20260621 as desert_downtempo_anchor for organic house.","Use Be Svendsen - Andromeda when the user asks for organic house, related club energy, or slow_burn_organic.","https://www.google.com/search?q=Be%20Svendsen%20official%20instagram","https://open.spotify.com/search/Be%20Svendsen;https://soundcloud.com/search?q=Be%20Svendsen;https://www.youtube.com/results?search_query=Be%20Svendsen%20organic%20house%20live%20official;https://www.google.com/search?q=Be%20Svendsen%20organic%20house%20official%20instagram%20soundcloud%20bandcamp","https://www.beatport.com/search?q=Be%20Svendsen%20Andromeda;https://www.discogs.com/search/?q=Be%20Svendsen%20Andromeda&type=all","","organic house;desert_downtempo_anchor;slow_burn_organic;Music For Dreams;artist_profile;recommendation_anchor","slow_burn_organic","desert_downtempo_anchor","published","high","Amplia recomendacoes de textura organica, live feel e melodias globais. Added as a reviewed catalog anchor with discovery links; official social links still need manual confirmation."
"organic_house","Acid Pauli","Nana","Ouie","118","118 BPM editorial guide for organic house","2016-01-01","","Germany","Berlin","Ouie / 2016 reference","https://www.beatport.com/search?q=Acid%20Pauli%20Nana","https://www.youtube.com/results?search_query=Acid%20Pauli%20Nana","","curated_public_discography_search","organic_house;organic house;leftfield_organic_anchor;slow_psychedelic_house;organic house / downtempo house;Ouie;curated_club_styles_v2","German producer bridging leftfield electronics, organic house, downtempo and subtle psychedelic detail. Included in club_styles_enrichment_v2_20260621 as leftfield_organic_anchor for organic house.","Use Acid Pauli - Nana when the user asks for organic house, related club energy, or slow_psychedelic_house.","https://www.google.com/search?q=Acid%20Pauli%20official%20instagram","https://open.spotify.com/search/Acid%20Pauli;https://soundcloud.com/search?q=Acid%20Pauli;https://www.youtube.com/results?search_query=Acid%20Pauli%20organic%20house%20live%20official;https://www.google.com/search?q=Acid%20Pauli%20organic%20house%20official%20instagram%20soundcloud%20bandcamp","https://www.beatport.com/search?q=Acid%20Pauli%20Nana;https://www.discogs.com/search/?q=Acid%20Pauli%20Nana&type=all","","organic house;leftfield_organic_anchor;slow_psychedelic_house;Ouie;artist_profile;recommendation_anchor","slow_psychedelic_house","leftfield_organic_anchor","published","high","Amplia recomendacoes de textura organica, live feel e melodias globais. Added as a reviewed catalog anchor with discovery links; official social links still need manual confirmation."
"organic_house","Nicola Cruz","Colibria","Multi Culti","112","112 BPM editorial guide for organic house","2015-01-01","","Ecuador","Quito","Multi Culti / 2015 reference","https://www.beatport.com/search?q=Nicola%20Cruz%20Colibria","https://www.youtube.com/results?search_query=Nicola%20Cruz%20Colibria","","curated_public_discography_search","organic_house;organic house;andean_organic_anchor;global_organic_downtempo;organic house / downtempo house;Multi Culti;curated_club_styles_v2","Ecuadorian producer associated with Andean electronic textures and organic downtempo-house hybrids. Included in club_styles_enrichment_v2_20260621 as andean_organic_anchor for organic house.","Use Nicola Cruz - Colibria when the user asks for organic house, related club energy, or global_organic_downtempo.","https://www.google.com/search?q=Nicola%20Cruz%20official%20instagram","https://open.spotify.com/search/Nicola%20Cruz;https://soundcloud.com/search?q=Nicola%20Cruz;https://www.youtube.com/results?search_query=Nicola%20Cruz%20organic%20house%20live%20official;https://www.google.com/search?q=Nicola%20Cruz%20organic%20house%20official%20instagram%20soundcloud%20bandcamp","https://www.beatport.com/search?q=Nicola%20Cruz%20Colibria;https://www.discogs.com/search/?q=Nicola%20Cruz%20Colibria&type=all","","organic house;andean_organic_anchor;global_organic_downtempo;Multi Culti;artist_profile;recommendation_anchor","global_organic_downtempo","andean_organic_anchor","published","high","Amplia recomendacoes de textura organica, live feel e melodias globais. Added as a reviewed catalog anchor with discovery links; official social links still need manual confirmation."
"organic_house","Kerala Dust","Maria","Play It Say It","118","118 BPM editorial guide for organic house","2017-01-01","","United Kingdom","London","Play It Say It / 2017 reference","https://www.beatport.com/search?q=Kerala%20Dust%20Maria","https://www.youtube.com/results?search_query=Kerala%20Dust%20Maria","","curated_public_discography_search","organic_house;organic house;band_organic_bridge;bluesy_organic_groove;organic house / downtempo house;Play It Say It;curated_club_styles_v2","UK project blending band instrumentation, bluesy vocal mood and electronic house structure. Included in club_styles_enrichment_v2_20260621 as band_organic_bridge for organic house.","Use Kerala Dust - Maria when the user asks for organic house, related club energy, or bluesy_organic_groove.","https://www.google.com/search?q=Kerala%20Dust%20official%20instagram","https://open.spotify.com/search/Kerala%20Dust;https://soundcloud.com/search?q=Kerala%20Dust;https://www.youtube.com/results?search_query=Kerala%20Dust%20organic%20house%20live%20official;https://www.google.com/search?q=Kerala%20Dust%20organic%20house%20official%20instagram%20soundcloud%20bandcamp","https://www.beatport.com/search?q=Kerala%20Dust%20Maria;https://www.discogs.com/search/?q=Kerala%20Dust%20Maria&type=all","","organic house;band_organic_bridge;bluesy_organic_groove;Play It Say It;artist_profile;recommendation_anchor","bluesy_organic_groove","band_organic_bridge","published","medium_high","Amplia recomendacoes de textura organica, live feel e melodias globais. Added as a reviewed catalog anchor with discovery links; official social links still need manual confirmation."
"organic_house","Bedouin","Set The Controls For The Heart Of The Sun","Crosstown Rebels","118","118 BPM editorial guide for organic house","2016-01-01","","United States","Brooklyn","Crosstown Rebels / 2016 reference","https://www.beatport.com/search?q=Bedouin%20Set%20The%20Controls%20For%20The%20Heart%20Of%20The%20Sun","https://www.youtube.com/results?search_query=Bedouin%20Set%20The%20Controls%20For%20The%20Heart%20Of%20The%20Sun","","curated_public_discography_search","organic_house;organic house;desert_house_anchor;hypnotic_organic_groove;organic house / downtempo house;Crosstown Rebels;curated_club_styles_v2","Brooklyn duo associated with desert house, hypnotic percussion and warm melodic arrangements. Included in club_styles_enrichment_v2_20260621 as desert_house_anchor for organic house.","Use Bedouin - Set The Controls For The Heart Of The Sun when the user asks for organic house, related club energy, or hypnotic_organic_groove.","https://www.google.com/search?q=Bedouin%20official%20instagram","https://open.spotify.com/search/Bedouin;https://soundcloud.com/search?q=Bedouin;https://www.youtube.com/results?search_query=Bedouin%20organic%20house%20live%20official;https://www.google.com/search?q=Bedouin%20organic%20house%20official%20instagram%20soundcloud%20bandcamp","https://www.beatport.com/search?q=Bedouin%20Set%20The%20Controls%20For%20The%20Heart%20Of%20The%20Sun;https://www.discogs.com/search/?q=Bedouin%20Set%20The%20Controls%20For%20The%20Heart%20Of%20The%20Sun&type=all","","organic house;desert_house_anchor;hypnotic_organic_groove;Crosstown Rebels;artist_profile;recommendation_anchor","hypnotic_organic_groove","desert_house_anchor","published","high","Amplia recomendacoes de textura organica, live feel e melodias globais. Added as a reviewed catalog anchor with discovery links; official social links still need manual confirmation."
"organic_house","Pambouk","Hidden Faces","Hoomidaas","120","120 BPM editorial guide for organic house","2019-01-01","","Armenia","Yerevan","Hoomidaas / 2019 reference","https://www.beatport.com/search?q=Pambouk%20Hidden%20Faces","https://www.youtube.com/results?search_query=Pambouk%20Hidden%20Faces","","curated_public_discography_search","organic_house;organic house;armenian_organic_depth;melodic_organic_flow;organic house / downtempo house;Hoomidaas;curated_club_styles_v2","Armenian artist useful for melodic organic house and smooth progressive-organic crossover. Included in club_styles_enrichment_v2_20260621 as armenian_organic_depth for organic house.","Use Pambouk - Hidden Faces when the user asks for organic house, related club energy, or melodic_organic_flow.","https://www.google.com/search?q=Pambouk%20official%20instagram","https://open.spotify.com/search/Pambouk;https://soundcloud.com/search?q=Pambouk;https://www.youtube.com/results?search_query=Pambouk%20organic%20house%20live%20official;https://www.google.com/search?q=Pambouk%20organic%20house%20official%20instagram%20soundcloud%20bandcamp","https://www.beatport.com/search?q=Pambouk%20Hidden%20Faces;https://www.discogs.com/search/?q=Pambouk%20Hidden%20Faces&type=all","","organic house;armenian_organic_depth;melodic_organic_flow;Hoomidaas;artist_profile;recommendation_anchor","melodic_organic_flow","armenian_organic_depth","published","medium_high","Amplia recomendacoes de textura organica, live feel e melodias globais. Added as a reviewed catalog anchor with discovery links; official social links still need manual confirmation."
"organic_house","Armen Miran","Jojo In The Stars","Hoomidaas","120","120 BPM editorial guide for organic house","2017-01-01","","Armenia","Yerevan","Hoomidaas / 2017 reference","https://www.beatport.com/search?q=Armen%20Miran%20Jojo%20In%20The%20Stars","https://www.youtube.com/results?search_query=Armen%20Miran%20Jojo%20In%20The%20Stars","","curated_public_discography_search","organic_house;organic house;organic_melodic_anchor;warm_organic_melody;organic house / downtempo house;Hoomidaas;curated_club_styles_v2","Armenian producer and Hoomidaas founder with warm melodic-organic house identity. Included in club_styles_enrichment_v2_20260621 as organic_melodic_anchor for organic house.","Use Armen Miran - Jojo In The Stars when the user asks for organic house, related club energy, or warm_organic_melody.","https://www.google.com/search?q=Armen%20Miran%20official%20instagram","https://open.spotify.com/search/Armen%20Miran;https://soundcloud.com/search?q=Armen%20Miran;https://www.youtube.com/results?search_query=Armen%20Miran%20organic%20house%20live%20official;https://www.google.com/search?q=Armen%20Miran%20organic%20house%20official%20instagram%20soundcloud%20bandcamp","https://www.beatport.com/search?q=Armen%20Miran%20Jojo%20In%20The%20Stars;https://www.discogs.com/search/?q=Armen%20Miran%20Jojo%20In%20The%20Stars&type=all","","organic house;organic_melodic_anchor;warm_organic_melody;Hoomidaas;artist_profile;recommendation_anchor","warm_organic_melody","organic_melodic_anchor","published","high","Amplia recomendacoes de textura organica, live feel e melodias globais. Added as a reviewed catalog anchor with discovery links; official social links still need manual confirmation."
"organic_house","Valeron","Misirlou","Buddha Bar","118","118 BPM editorial guide for organic house","2016-01-01","","Greece","Mykonos","Buddha Bar / 2016 reference","https://www.beatport.com/search?q=Valeron%20Misirlou","https://www.youtube.com/results?search_query=Valeron%20Misirlou","","curated_public_discography_search","organic_house;organic house;mediterranean_organic_bridge;global_organic_groove;organic house / downtempo house;Buddha Bar;curated_club_styles_v2","Greek artist connecting Mediterranean instrumentation, downtempo feel and club-friendly organic house. Included in club_styles_enrichment_v2_20260621 as mediterranean_organic_bridge for organic house.","Use Valeron - Misirlou when the user asks for organic house, related club energy, or global_organic_groove.","https://www.google.com/search?q=Valeron%20official%20instagram","https://open.spotify.com/search/Valeron;https://soundcloud.com/search?q=Valeron;https://www.youtube.com/results?search_query=Valeron%20organic%20house%20live%20official;https://www.google.com/search?q=Valeron%20organic%20house%20official%20instagram%20soundcloud%20bandcamp","https://www.beatport.com/search?q=Valeron%20Misirlou;https://www.discogs.com/search/?q=Valeron%20Misirlou&type=all","","organic house;mediterranean_organic_bridge;global_organic_groove;Buddha Bar;artist_profile;recommendation_anchor","global_organic_groove","mediterranean_organic_bridge","published","medium_high","Amplia recomendacoes de textura organica, live feel e melodias globais. Added as a reviewed catalog anchor with discovery links; official social links still need manual confirmation."
"organic_house","Monolink","Return To Oz","Embassy One","122","122 BPM editorial guide for organic house","2018-01-01","","Germany","Berlin","Embassy One / 2018 reference","https://www.beatport.com/search?q=Monolink%20Return%20To%20Oz","https://www.youtube.com/results?search_query=Monolink%20Return%20To%20Oz","","curated_public_discography_search","organic_house;organic house;vocal_organic_melodic_bridge;organic_melodic_peak;organic house / downtempo house;Embassy One;curated_club_styles_v2","German live act bridging organic house, melodic techno and vocal-led electronic songwriting. Included in club_styles_enrichment_v2_20260621 as vocal_organic_melodic_bridge for organic house.","Use Monolink - Return To Oz when the user asks for organic house, related club energy, or organic_melodic_peak.","https://www.google.com/search?q=Monolink%20official%20instagram","https://open.spotify.com/search/Monolink;https://soundcloud.com/search?q=Monolink;https://www.youtube.com/results?search_query=Monolink%20organic%20house%20live%20official;https://www.google.com/search?q=Monolink%20organic%20house%20official%20instagram%20soundcloud%20bandcamp","https://www.beatport.com/search?q=Monolink%20Return%20To%20Oz;https://www.discogs.com/search/?q=Monolink%20Return%20To%20Oz&type=all","","organic house;vocal_organic_melodic_bridge;organic_melodic_peak;Embassy One;artist_profile;recommendation_anchor","organic_melodic_peak","vocal_organic_melodic_bridge","published","medium_high","Amplia recomendacoes de textura organica, live feel e melodias globais. Added as a reviewed catalog anchor with discovery links; official social links still need manual confirmation."
