"style","artist","song","label","bpm_exact","preview_url","release_date","duration_sec","country","city","artist_bio","artist_genre","artist_profile_hint","source","source_url","track_url","deezer_track_id","deezer_track_url","cover_art_url","youtube_track_url","soundcloud_track_url","bandcamp_track_url","bandcamp_track_id","source_tags","album_keywords","energy_band","catalog_role","confidence","source_note","social_discovery_links","label_links"
"dark_psy","Zik","Changa Reporter","Ritornello","","https://cdnt-preview.dzcdn.net/api/1/1/3/7/4/0/374bea675233f65c6cfe5e6c3598d2e8.mp3?hdnea=exp=1782085935~acl=/api/1/1/3/7/4/0/374bea675233f65c6cfe5e6c3598d2e8.mp3*~data=user_id=0,application_id=42~hmac=f49f131d878a45d8e3912220305e2ee7da04b0a5294664dcf68cedf1fa532cb5","2025-01-21","402","Greece","","Zik e projeto grego de darkpsy/forest com catalogo em Parvati, Sangoma, Dark Prisma, Sanaton e Lycanthrop.","darkpsy / forest / psycore-adjacent","Usar Zik no eixo dark_psy/forest/psycore-adjacent; nao misturar com homonimos mainstream nem classificar como hi_tech.","pachamama_2026_research","https://www.deezer.com/track/3201692581","https://www.deezer.com/track/3201692581","3201692581","https://www.deezer.com/track/3201692581","https://cdn-images.dzcdn.net/images/cover/d3f98a64c68366acfb8b8e9c37763b67/1000x1000-000000-80-0-0.jpg","","","","","darkpsy;forest;parvati","Pachamama Festival 11 anos - A Nova Era;A Nova Era;Pachamama 11 anos","festival_lineup_verified","pachamama_2026_lineup_anchor;producer_with_verified_tracks","high","Zig confirma Zik na Pachamama; Deezer/catalogo local confirma Changa Reporter e What Is Life em selos darkpsy.","https://ektoplazm.com/artist/zik;https://sangomarecs.bandcamp.com/music","https://parvati-records.com/;https://sangomarecs.bandcamp.com/music"
"dark_psy","Zik","What Is Life","What is Life / Life is Life","","https://cdnt-preview.dzcdn.net/api/1/1/5/f/c/0/5fc24a029401abd30613312fc5218fbe.mp3?hdnea=exp=1782085935~acl=/api/1/1/5/f/c/0/5fc24a029401abd30613312fc5218fbe.mp3*~data=user_id=0,application_id=42~hmac=60e4f5cbe083f13aa4c9b352a0634d8c52961d48894ea960c3138f85990b2779","2013-01-04","406","Greece","","Zik e projeto grego de darkpsy/forest com catalogo em Parvati, Sangoma, Dark Prisma, Sanaton e Lycanthrop.","darkpsy / forest / psycore-adjacent","Usar Zik no eixo dark_psy/forest/psycore-adjacent; nao misturar com homonimos mainstream nem classificar como hi_tech.","pachamama_2026_research","https://www.deezer.com/track/1867855237","https://www.deezer.com/track/1867855237","1867855237","https://www.deezer.com/track/1867855237","https://cdn-images.dzcdn.net/images/cover/feb513bee0170dbeebf444eca8c54678/1000x1000-000000-80-0-0.jpg","","","","","darkpsy;night_psy","Pachamama Festival 11 anos - A Nova Era;A Nova Era;Pachamama 11 anos","festival_lineup_verified","pachamama_2026_lineup_anchor;producer_with_verified_tracks","high","Zig confirma Zik na Pachamama; Deezer/catalogo local confirma Changa Reporter e What Is Life em selos darkpsy.","https://ektoplazm.com/artist/zik;https://sangomarecs.bandcamp.com/music","https://parvati-records.com/;https://sangomarecs.bandcamp.com/music"
"psycore","Polyzik","Friscoo","Polyzik","","","","","Greece","","Polyzik e projeto colaborativo associado a Zik e Polyphonia, usado no circuito grego de darkpsy/psycore.","darkpsy / psycore / experimental psychedelic collaboration","Tratar Polyzik como projeto colaborativo de produtores, nao como DJ; usar psycore/darkpsy underground.","pachamama_2026_research","https://www.youtube.com/watch?v=5j_E0lXJnvY","https://www.youtube.com/watch?v=5j_E0lXJnvY","","","","https://www.youtube.com/watch?v=5j_E0lXJnvY","","","","darkpsy;psycore;collab_project","Pachamama Festival 11 anos - A Nova Era;A Nova Era;Pachamama 11 anos","festival_lineup_verified","pachamama_2026_lineup_anchor;producer_with_verified_tracks","medium_high","A pagina de Zik e resultados de cena listam Polyzik como side project de Zik e Polyphonia; YouTube confirma Friscoo e Left Right.","https://bandcamp.com/search?q=Polyzik;https://www.youtube.com/results?search_query=Polyzik+Zik+Polyphonia",""
"forest_psy","Polyzik","Left Right","Polyzik","149","","","","Greece","","Polyzik e projeto colaborativo associado a Zik e Polyphonia, usado no circuito grego de darkpsy/forest/psycore-adjacent.","darkpsy / forest / experimental psychedelic collaboration","Tratar Polyzik como projeto colaborativo de produtores; usar forest_psy para Left Right por causa do BPM 149, sem promover para psycore.","pachamama_2026_research","https://www.youtube.com/watch?v=tjBJVLsbvnQ","https://www.youtube.com/watch?v=tjBJVLsbvnQ","","","","https://www.youtube.com/watch?v=tjBJVLsbvnQ","","","","darkpsy;forest;149_bpm","Pachamama Festival 11 anos - A Nova Era;A Nova Era;Pachamama 11 anos","festival_lineup_verified","pachamama_2026_lineup_anchor;producer_with_verified_tracks","medium_high","A pagina de Zik e resultados de cena listam Polyzik como side project de Zik e Polyphonia; YouTube confirma Friscoo e Left Right; BPM 149 ajusta a faixa para forest_psy em vez de psycore.","https://bandcamp.com/search?q=Polyzik;https://www.youtube.com/results?search_query=Polyzik+Zik+Polyphonia",""
"hi_tech","Oxidaksi","Poison Turtle","Noise Poison Festival","","https://cdnt-preview.dzcdn.net/api/1/1/b/1/f/0/b1f795112d7c40f8af005afb0dbd3bef.mp3?hdnea=exp=1782085935~acl=/api/1/1/b/1/f/0/b1f795112d7c40f8af005afb0dbd3bef.mp3*~data=user_id=0,application_id=42~hmac=a81ddef0f45b0690bad9634708f98836a4c5d339689fe0e0f805e619be5810cc","2015-04-24","569","Israel","","Oxidaksi e produtor israelense de hi-tech psytrance, com faixas em Noise Poison, Future Music, Black Out e Shamanic Tales.","hi-tech psytrance / high-BPM psychedelic trance","Classificar Oxidaksi como hi_tech; nao rebaixar para dark experimental/slambient por causa de timbre extremo.","pachamama_2026_research","https://www.deezer.com/track/493592102","https://www.deezer.com/track/493592102","493592102","https://www.deezer.com/track/493592102","https://cdn-images.dzcdn.net/images/cover/b4871f3e5860073b942f31cedcc3d26b/1000x1000-000000-80-0-0.jpg","","","","","hi_tech;noise_poison","Pachamama Festival 11 anos - A Nova Era;A Nova Era;Pachamama 11 anos","festival_lineup_verified","pachamama_2026_lineup_anchor;producer_with_verified_tracks","high","Poison Turtle, Evolution e Savage confirmam o eixo hi-tech; o flyer marca Retro Set como formato, nao outro artista.","https://blackoutrec.bandcamp.com/music",""
"hi_tech","Oxidaksi","Evolution","Futurism, Vol. 01","","https://cdnt-preview.dzcdn.net/api/1/1/5/9/8/0/598a09da842a57ec9a74005acabcb008.mp3?hdnea=exp=1782085936~acl=/api/1/1/5/9/8/0/598a09da842a57ec9a74005acabcb008.mp3*~data=user_id=0,application_id=42~hmac=21ff7d00a4b334bba43815670c6b74197bc5054a49722ca82ed7a4c86de773b9","2020-07-24","409","Israel","","Oxidaksi e produtor israelense de hi-tech psytrance, com faixas em Noise Poison, Future Music, Black Out e Shamanic Tales.","hi-tech psytrance / high-BPM psychedelic trance","Classificar Oxidaksi como hi_tech; nao rebaixar para dark experimental/slambient por causa de timbre extremo.","pachamama_2026_research","https://www.deezer.com/track/1005230632","https://www.deezer.com/track/1005230632","1005230632","https://www.deezer.com/track/1005230632","https://cdn-images.dzcdn.net/images/cover/260486c503566854a1e9b2885340ac76/1000x1000-000000-80-0-0.jpg","","","","","hi_tech;future_music","Pachamama Festival 11 anos - A Nova Era;A Nova Era;Pachamama 11 anos","festival_lineup_verified","pachamama_2026_lineup_anchor;producer_with_verified_tracks","high","Poison Turtle, Evolution e Savage confirmam o eixo hi-tech; o flyer marca Retro Set como formato, nao outro artista.","https://blackoutrec.bandcamp.com/music",""
"hi_tech","Oxidaksi","Savage","Avira","","https://cdnt-preview.dzcdn.net/api/1/1/1/3/6/0/13600926c09a93db86c1c362376f90af.mp3?hdnea=exp=1782085936~acl=/api/1/1/1/3/6/0/13600926c09a93db86c1c362376f90af.mp3*~data=user_id=0,application_id=42~hmac=f2ca492d20fb709b735265a39c8e469afd5062aff5cddfdbf6666995eae69e67","2020-06-12","354","Israel","","Oxidaksi e produtor israelense de hi-tech psytrance, com faixas em Noise Poison, Future Music, Black Out e Shamanic Tales.","hi-tech psytrance / high-BPM psychedelic trance","Classificar Oxidaksi como hi_tech; nao rebaixar para dark experimental/slambient por causa de timbre extremo.","pachamama_2026_research","https://www.deezer.com/track/975418102","https://www.deezer.com/track/975418102","975418102","https://www.deezer.com/track/975418102","https://cdn-images.dzcdn.net/images/cover/97f6ba7fa2613a6a3227532633c65fb2/1000x1000-000000-80-0-0.jpg","","","","","hi_tech;shamanic_tales","Pachamama Festival 11 anos - A Nova Era;A Nova Era;Pachamama 11 anos","festival_lineup_verified","pachamama_2026_lineup_anchor;producer_with_verified_tracks","high","Poison Turtle, Evolution e Savage confirmam o eixo hi-tech; o flyer marca Retro Set como formato, nao outro artista.","https://blackoutrec.bandcamp.com/music",""
"psycore","Depuratus","Conscious War","Atomes Music","","https://cdnt-preview.dzcdn.net/api/1/1/3/c/9/0/3c98dbd00d91c32aa5b77ae5122f05f7.mp3?hdnea=exp=1782085936~acl=/api/1/1/3/c/9/0/3c98dbd00d91c32aa5b77ae5122f05f7.mp3*~data=user_id=0,application_id=42~hmac=8f22de7d754e9d7d9a73db504c3670e536a1726e7ee6261aa6d1c71f1a27f748","2023-01-04","430","Portugal","","Depuratus assina psycore/darkpsy de alta intensidade com releases por Voodoo Hoodoo, Atomes, Labyrinthine e Xibalba.","psycore / darkpsy / high-BPM psychedelic","Usar Depuratus como psycore; nao confundir com dark experimental mais lento nem com hi_tech puro.","pachamama_2026_research","https://www.deezer.com/track/2068859787","https://www.deezer.com/track/2068859787","2068859787","https://www.deezer.com/track/2068859787","https://cdn-images.dzcdn.net/images/cover/ee4ffc30ff5f3ff7d5ad5c0ee2ced659/1000x1000-000000-80-0-0.jpg","","","","","psycore;voodoo_hoodoo","Pachamama Festival 11 anos - A Nova Era;A Nova Era;Pachamama 11 anos","festival_lineup_verified","pachamama_2026_lineup_anchor;producer_with_verified_tracks","high","Conscious War, Hagios e Pi aparecem em plataformas e no catalogo Voodoo Hoodoo/Black Out de alta velocidade.","https://voodoo-hoodoo.bandcamp.com/music",""
"psycore","Depuratus","Hagios","Voodoo Hoodoo Recordings","","https://cdnt-preview.dzcdn.net/api/1/1/2/f/1/0/2f164d6c297cf0532aadfa4c125c187d.mp3?hdnea=exp=1782085936~acl=/api/1/1/2/f/1/0/2f164d6c297cf0532aadfa4c125c187d.mp3*~data=user_id=0,application_id=42~hmac=f64dcbdb91795d56597229a5d474a4357b30da56ca77606d3c7785f660747df4","2022-06-11","1042","Portugal","","Depuratus assina psycore/darkpsy de alta intensidade com releases por Voodoo Hoodoo, Atomes, Labyrinthine e Xibalba.","psycore / darkpsy / high-BPM psychedelic","Usar Depuratus como psycore; nao confundir com dark experimental mais lento nem com hi_tech puro.","pachamama_2026_research","https://www.deezer.com/track/1769695607","https://www.deezer.com/track/1769695607","1769695607","https://www.deezer.com/track/1769695607","https://cdn-images.dzcdn.net/images/cover/754b013ddd18e2b4b481582585128d7b/1000x1000-000000-80-0-0.jpg","","","","","psycore;high_bpm","Pachamama Festival 11 anos - A Nova Era;A Nova Era;Pachamama 11 anos","festival_lineup_verified","pachamama_2026_lineup_anchor;producer_with_verified_tracks","high","Conscious War, Hagios e Pi aparecem em plataformas e no catalogo Voodoo Hoodoo/Black Out de alta velocidade.","https://voodoo-hoodoo.bandcamp.com/music",""
"psycore","Depuratus","Pi","Labyrinthine Crew","","https://cdnt-preview.dzcdn.net/api/1/1/8/0/3/0/803c622fd99ad5c7dae7a92adc1f0b52.mp3?hdnea=exp=1782085937~acl=/api/1/1/8/0/3/0/803c622fd99ad5c7dae7a92adc1f0b52.mp3*~data=user_id=0,application_id=42~hmac=9db4d919c4baf80b41880e12fd2de568de4153a96702a99e6901099f66b30335","2021-04-02","976","Portugal","","Depuratus assina psycore/darkpsy de alta intensidade com releases por Voodoo Hoodoo, Atomes, Labyrinthine e Xibalba.","psycore / darkpsy / high-BPM psychedelic","Usar Depuratus como psycore; nao confundir com dark experimental mais lento nem com hi_tech puro.","pachamama_2026_research","https://www.deezer.com/track/1412055052","https://www.deezer.com/track/1412055052","1412055052","https://www.deezer.com/track/1412055052","https://cdn-images.dzcdn.net/images/cover/19acd501a77719fa525b61b513e30afb/1000x1000-000000-80-0-0.jpg","","","","","psycore;labyrinthine","Pachamama Festival 11 anos - A Nova Era;A Nova Era;Pachamama 11 anos","festival_lineup_verified","pachamama_2026_lineup_anchor;producer_with_verified_tracks","high","Conscious War, Hagios e Pi aparecem em plataformas e no catalogo Voodoo Hoodoo/Black Out de alta velocidade.","https://voodoo-hoodoo.bandcamp.com/music",""
"dark_experimental","Audiosyntax","Alien Speech","SURGICAL STRIKE","","https://cdnt-preview.dzcdn.net/api/1/1/f/2/b/0/f2b6f0d9977b834280a77582768476d3.mp3?hdnea=exp=1782085937~acl=/api/1/1/f/2/b/0/f2b6f0d9977b834280a77582768476d3.mp3*~data=user_id=0,application_id=42~hmac=0b7434680c5f8c821803b0df530005b603ef9d4131c24ec41c5c22df3f26507f","2026-03-08","545","Germany","","Audiosyntax trabalha dark experimental psytrance com estruturas longas, timbres densos e catalogo Voodoo Hoodoo/Alice-D.","dark experimental psytrance / darkpsy / psycore-adjacent","Usar dark_experimental como primario; so usar psycore quando faixa/BPM indicar, e nao classificar como hi_tech generico.","pachamama_2026_research","https://www.deezer.com/track/3863925681","https://www.deezer.com/track/3863925681","3863925681","https://www.deezer.com/track/3863925681","https://cdn-images.dzcdn.net/images/cover/e6d068d5ad9d8fbc2f113f0961ac611e/1000x1000-000000-80-0-0.jpg","","","","","dark_experimental;voodoo_hoodoo","Pachamama Festival 11 anos - A Nova Era;A Nova Era;Pachamama 11 anos","festival_lineup_verified","pachamama_2026_lineup_anchor;producer_with_verified_tracks","high","Alien Speech, Honey Badger e Te Deum confirmam faixas; auditoria previa moveu do psycore puro para dark experimental.","https://naturaizrecords.bandcamp.com/music;https://voodoo-hoodoo.bandcamp.com/music",""
"dark_experimental","Audiosyntax","Honey Badger","Sacred Manuscript","","https://cdnt-preview.dzcdn.net/api/1/1/e/2/6/0/e26f577b1f7feb698f52536565d1c5a3.mp3?hdnea=exp=1782085937~acl=/api/1/1/e/2/6/0/e26f577b1f7feb698f52536565d1c5a3.mp3*~data=user_id=0,application_id=42~hmac=aea6fc621f7bdb2dda1e7a6250d99791f04c25696febe56237a8628df4a08d71","2015-10-25","456","Germany","","Audiosyntax trabalha dark experimental psytrance com estruturas longas, timbres densos e catalogo Voodoo Hoodoo/Alice-D.","dark experimental psytrance / darkpsy / psycore-adjacent","Usar dark_experimental como primario; so usar psycore quando faixa/BPM indicar, e nao classificar como hi_tech generico.","pachamama_2026_research","https://www.deezer.com/track/110384816","https://www.deezer.com/track/110384816","110384816","https://www.deezer.com/track/110384816","https://cdn-images.dzcdn.net/images/cover/9030eb89e0c08550b8ef748cd0379326/1000x1000-000000-80-0-0.jpg","","","","","dark_experimental;alice_d","Pachamama Festival 11 anos - A Nova Era;A Nova Era;Pachamama 11 anos","festival_lineup_verified","pachamama_2026_lineup_anchor;producer_with_verified_tracks","high","Alien Speech, Honey Badger e Te Deum confirmam faixas; auditoria previa moveu do psycore puro para dark experimental.","https://naturaizrecords.bandcamp.com/music;https://voodoo-hoodoo.bandcamp.com/music",""
"dark_experimental","Audiosyntax","Te Deum","TALISMAN HOODOO","","https://cdnt-preview.dzcdn.net/api/1/1/7/3/c/0/73cab5d6dc776a2020724158f3a77432.mp3?hdnea=exp=1782085937~acl=/api/1/1/7/3/c/0/73cab5d6dc776a2020724158f3a77432.mp3*~data=user_id=0,application_id=42~hmac=8c47356da12d819c696220d31332a4ea53a369933f79e350e6d06843164d963f","2026-03-09","490","Germany","","Audiosyntax trabalha dark experimental psytrance com estruturas longas, timbres densos e catalogo Voodoo Hoodoo/Alice-D.","dark experimental psytrance / darkpsy / psycore-adjacent","Usar dark_experimental como primario; so usar psycore quando faixa/BPM indicar, e nao classificar como hi_tech generico.","pachamama_2026_research","https://www.deezer.com/track/3865066581","https://www.deezer.com/track/3865066581","3865066581","https://www.deezer.com/track/3865066581","https://cdn-images.dzcdn.net/images/cover/dc15a3d97ffd21ff92450034582d2049/1000x1000-000000-80-0-0.jpg","","","","","dark_experimental;voodoo_hoodoo","Pachamama Festival 11 anos - A Nova Era;A Nova Era;Pachamama 11 anos","festival_lineup_verified","pachamama_2026_lineup_anchor;producer_with_verified_tracks","high","Alien Speech, Honey Badger e Te Deum confirmam faixas; auditoria previa moveu do psycore puro para dark experimental.","https://naturaizrecords.bandcamp.com/music;https://voodoo-hoodoo.bandcamp.com/music",""
"dark_experimental","Kasatka","The Hive","Irreversible Echoes","","https://cdnt-preview.dzcdn.net/api/1/1/f/9/c/0/f9c5d3e4b017a3392c64784a3ce4f275.mp3?hdnea=exp=1782085938~acl=/api/1/1/f/9/c/0/f9c5d3e4b017a3392c64784a3ce4f275.mp3*~data=user_id=0,application_id=42~hmac=666d8c2e9ec4b9c4035d755c1ca083a8c8edb0c4b4053ed2a53b750bd4cf4f31","2019-12-20","398","Germany","Hamburg","Kasatka e projeto de Marco em Hamburgo, com discografia marcada por darkpsy, experimental e hightech-adjacent.","darkpsy / dark experimental / hightech-adjacent","Usar dark_experimental; so marcar hi_tech em faixas explicitamente hi-tech.","pachamama_2026_research","https://kasatkamusic.bandcamp.com/album/irreversible-echoes","https://www.deezer.com/track/842698282","842698282","https://www.deezer.com/track/842698282","https://cdn-images.dzcdn.net/images/cover/a2fd5b178ebf8176d026f4a489236a78/1000x1000-000000-80-0-0.jpg","","","https://kasatkamusic.bandcamp.com/album/irreversible-echoes","","darkpsy;experimental;hightech_adjacent","Pachamama Festival 11 anos - A Nova Era;A Nova Era;Pachamama 11 anos","festival_lineup_verified","pachamama_2026_lineup_anchor;producer_with_verified_tracks","high","Irreversible Echoes traz tags darkpsy, experimental, hightech e psytrance; mantido no eixo experimental.","https://kasatkamusic.bandcamp.com/",""
"dark_experimental","Kasatka","Debut","Irreversible Echoes","","https://cdnt-preview.dzcdn.net/api/1/1/a/2/9/0/a29dfef094f563b5e346016f88875fd4.mp3?hdnea=exp=1782085938~acl=/api/1/1/a/2/9/0/a29dfef094f563b5e346016f88875fd4.mp3*~data=user_id=0,application_id=42~hmac=e61c1b61169d85cf96d5a674df8978a03a40b2b051c935b5e683919acecdee47","2019-12-20","442","Germany","Hamburg","Kasatka e projeto de Marco em Hamburgo, com discografia marcada por darkpsy, experimental e hightech-adjacent.","darkpsy / dark experimental / hightech-adjacent","Usar dark_experimental; so marcar hi_tech em faixas explicitamente hi-tech.","pachamama_2026_research","https://kasatkamusic.bandcamp.com/track/debut","https://www.deezer.com/track/842698272","842698272","https://www.deezer.com/track/842698272","https://cdn-images.dzcdn.net/images/cover/a2fd5b178ebf8176d026f4a489236a78/1000x1000-000000-80-0-0.jpg","","","https://kasatkamusic.bandcamp.com/track/debut","","darkpsy;experimental","Pachamama Festival 11 anos - A Nova Era;A Nova Era;Pachamama 11 anos","festival_lineup_verified","pachamama_2026_lineup_anchor;producer_with_verified_tracks","high","Irreversible Echoes traz tags darkpsy, experimental, hightech e psytrance; mantido no eixo experimental.","https://kasatkamusic.bandcamp.com/",""
"psycore","Calyptratus","13 Trumpets","The Sacred Mayan Tree","","https://cdnt-preview.dzcdn.net/api/1/1/d/8/b/0/d8bcb395024665dd51a4c3049378cd77.mp3?hdnea=exp=1782085938~acl=/api/1/1/d/8/b/0/d8bcb395024665dd51a4c3049378cd77.mp3*~data=user_id=0,application_id=42~hmac=b967eb5abe88ebc58656a0ce2125f8fda0a4304a642213fc87bf27c9ade35df9","2015-11-01","605","Germany","","Calyptratus aparece no catalogo psycore com faixas como 13 Trumpets, May Fair e Infection Human.","psycore / high-BPM dark psychedelic","Classificar como psycore; evitar dark_psy generico quando a faixa estiver no recorte core/alta velocidade.","pachamama_2026_research","https://www.deezer.com/track/111169026","https://www.deezer.com/track/111169026","111169026","https://www.deezer.com/track/111169026","https://cdn-images.dzcdn.net/images/cover/d9b85d29d0644125c05dfe02c4f634ad/1000x1000-000000-80-0-0.jpg","","","","","psycore;alice_d","Pachamama Festival 11 anos - A Nova Era;A Nova Era;Pachamama 11 anos","festival_lineup_verified","pachamama_2026_lineup_anchor;producer_with_verified_tracks","high","Deezer confirma faixas e o banco v14 ja mantinha Calyptratus em Psycore com ancora Beatport/Alice-D.","https://www.beatport.com/label/alice-d-records/66644",""
"psycore","Calyptratus","May Fair","Indigo Generation","","https://cdnt-preview.dzcdn.net/api/1/1/9/0/a/0/90a3fec3b21b7b5be16a1b771555e22c.mp3?hdnea=exp=1782085938~acl=/api/1/1/9/0/a/0/90a3fec3b21b7b5be16a1b771555e22c.mp3*~data=user_id=0,application_id=42~hmac=87d4b4773b40e0f2fc80b66051d1388889c786a1257896d0126bdce78ce2db10","2012-02-15","559","Germany","","Calyptratus aparece no catalogo psycore com faixas como 13 Trumpets, May Fair e Infection Human.","psycore / high-BPM dark psychedelic","Classificar como psycore; evitar dark_psy generico quando a faixa estiver no recorte core/alta velocidade.","pachamama_2026_research","https://www.deezer.com/track/75807124","https://www.deezer.com/track/75807124","75807124","https://www.deezer.com/track/75807124","https://cdn-images.dzcdn.net/images/cover/f2552548a71d27dcb332d5b4404aac10/1000x1000-000000-80-0-0.jpg","","","","","psycore;high_bpm","Pachamama Festival 11 anos - A Nova Era;A Nova Era;Pachamama 11 anos","festival_lineup_verified","pachamama_2026_lineup_anchor;producer_with_verified_tracks","high","Deezer confirma faixas e o banco v14 ja mantinha Calyptratus em Psycore com ancora Beatport/Alice-D.","https://www.beatport.com/label/alice-d-records/66644",""
"psycore","Calyptratus","Infection Human","Calyptratus","","https://cdnt-preview.dzcdn.net/api/1/1/e/5/a/0/e5a86c65f566da5de8c72964455056e6.mp3?hdnea=exp=1782085939~acl=/api/1/1/e/5/a/0/e5a86c65f566da5de8c72964455056e6.mp3*~data=user_id=0,application_id=42~hmac=d1946df7207517902202fb5dffa92a507628b7c261aafa47c0c1d17f146523b0","2016-04-16","459","Germany","","Calyptratus aparece no catalogo psycore com faixas como 13 Trumpets, May Fair e Infection Human.","psycore / high-BPM dark psychedelic","Classificar como psycore; evitar dark_psy generico quando a faixa estiver no recorte core/alta velocidade.","pachamama_2026_research","https://www.deezer.com/track/122942142","https://www.deezer.com/track/122942142","122942142","https://www.deezer.com/track/122942142","https://cdn-images.dzcdn.net/images/cover/a36a8bad5eff0a89d9910143585a1596/1000x1000-000000-80-0-0.jpg","","","","","psycore;darkpsy","Pachamama Festival 11 anos - A Nova Era;A Nova Era;Pachamama 11 anos","festival_lineup_verified","pachamama_2026_lineup_anchor;producer_with_verified_tracks","high","Deezer confirma faixas e o banco v14 ja mantinha Calyptratus em Psycore com ancora Beatport/Alice-D.","https://www.beatport.com/label/alice-d-records/66644",""
"dark_psy","Opus Summum","Sonic Vibrations","Sacred Manuscript","","https://cdnt-preview.dzcdn.net/api/1/1/5/5/e/0/55e94aecdadabbff8e52b9a190047a62.mp3?hdnea=exp=1782085939~acl=/api/1/1/5/5/e/0/55e94aecdadabbff8e52b9a190047a62.mp3*~data=user_id=0,application_id=42~hmac=f27be3b6e1a977aedc73020cf855f58a6bfacb5634f61e703ad1fc82931fcc57","2015-10-25","377","Germany","","Opus Summum tem faixa confirmada em Sacred Manuscript ao lado de nomes darkpsy/experimental do circuito Alice-D.","darkpsy / psychedelic trance","Usar dark_psy com confianca media; ha pouca discografia publica, entao nao promover para psycore sem mais evidencias.","pachamama_2026_research","https://www.deezer.com/track/110384814","https://www.deezer.com/track/110384814","110384814","https://www.deezer.com/track/110384814","https://cdn-images.dzcdn.net/images/cover/9030eb89e0c08550b8ef748cd0379326/1000x1000-000000-80-0-0.jpg","","","","","darkpsy;alice_d","Pachamama Festival 11 anos - A Nova Era;A Nova Era;Pachamama 11 anos","festival_lineup_verified","pachamama_2026_lineup_anchor;producer_with_verified_tracks","high","Sonic Vibrations no VA Sacred Manuscript confirma faixa publica sob o projeto.","https://www.deezer.com/track/110384814",""
"dark_psy","Kaos","Beyond Magic","Pralayah Records","","","","","Greece","Athens","Kaos e produtor grego associado a projetos colaborativos como Polykaos e StrangeKaos dentro do darkpsy helenico.","darkpsy / psychedelic trance","Usar apenas quando contexto for psytrance grego; nome e muito homonimo em plataformas.","pachamama_2026_research","https://www.youtube.com/results?search_query=Kaos+Beyond+Magic+Pralayah+Records","https://www.youtube.com/results?search_query=Kaos+Beyond+Magic+Pralayah+Records","","","","","","","","darkpsy;greece","Pachamama Festival 11 anos - A Nova Era;A Nova Era;Pachamama 11 anos","festival_lineup_verified","pachamama_2026_lineup_anchor;producer_with_verified_tracks","medium_high","Polykaos e StrangeKaos confirmam a identidade de Kaos no circuito; buscas diretas em Deezer retornam homonimos.","https://bandcamp.com/search?q=Kaos+psytrance;https://www.youtube.com/results?search_query=Kaos+Beyond+Magic+Pralayah+Records",""
"psycore","Polykaos","Numbers","Numbers","","https://cdnt-preview.dzcdn.net/api/1/1/e/2/c/0/e2c5870bfe29808187cb4fb95f07f601.mp3?hdnea=exp=1782085939~acl=/api/1/1/e/2/c/0/e2c5870bfe29808187cb4fb95f07f601.mp3*~data=user_id=0,application_id=42~hmac=74a9670113ee022b1658d0cdca45ae07481e9c1fee002c245c0622875642c958","2025-09-04","448","Greece","Athens","Polykaos e projeto de Polyphonia com Kaos, em Athens, com material recente em plataformas e catalogo darkpsy.","psycore / darkpsy / psychedelic trance collaboration","Tratar Polykaos como projeto colaborativo; usar psycore/darkpsy, nao hi_tech.","pachamama_2026_research","https://www.deezer.com/track/3540300671","https://www.deezer.com/track/3540300671","3540300671","https://www.deezer.com/track/3540300671","https://cdn-images.dzcdn.net/images/cover/53b91f73f734f0d7ccd9a32a0e2776e4/1000x1000-000000-80-0-0.jpg","","","","","psycore;darkpsy","Pachamama Festival 11 anos - A Nova Era;A Nova Era;Pachamama 11 anos","festival_lineup_verified","pachamama_2026_lineup_anchor;producer_with_verified_tracks","high","Numbers, No More Faith e No Problem confirmam faixas; resultados Bandcamp descrevem Polykaos como Polyphonia + Kaos.","https://polykaos.bandcamp.com/;https://bandcamp.com/search?q=Polykaos",""
"psycore","Polykaos","No More Faith","Polykaos","","https://cdnt-preview.dzcdn.net/api/1/1/0/1/c/0/01cfadd122406b9a713e52f10d9d9334.mp3?hdnea=exp=1782085939~acl=/api/1/1/0/1/c/0/01cfadd122406b9a713e52f10d9d9334.mp3*~data=user_id=0,application_id=42~hmac=18f5f3b5cdebe15b1eacc38e0aef9ed7ddbf35c5a5d3db5404fb728267b1c361","2026-05-08","467","Greece","Athens","Polykaos e projeto de Polyphonia com Kaos, em Athens, com material recente em plataformas e catalogo darkpsy.","psycore / darkpsy / psychedelic trance collaboration","Tratar Polykaos como projeto colaborativo; usar psycore/darkpsy, nao hi_tech.","pachamama_2026_research","https://www.deezer.com/track/3992758741","https://www.deezer.com/track/3992758741","3992758741","https://www.deezer.com/track/3992758741","https://cdn-images.dzcdn.net/images/cover/465267134390945f2a5579ce31f44cde/1000x1000-000000-80-0-0.jpg","","","","","psycore;darkpsy","Pachamama Festival 11 anos - A Nova Era;A Nova Era;Pachamama 11 anos","festival_lineup_verified","pachamama_2026_lineup_anchor;producer_with_verified_tracks","high","Numbers, No More Faith e No Problem confirmam faixas; resultados Bandcamp descrevem Polykaos como Polyphonia + Kaos.","https://polykaos.bandcamp.com/;https://bandcamp.com/search?q=Polykaos",""
"dark_psy","Polykaos","No Problem","Polykaos","","https://cdnt-preview.dzcdn.net/api/1/1/e/6/a/0/e6ad7af9571d739977eadded515f5d7a.mp3?hdnea=exp=1782085940~acl=/api/1/1/e/6/a/0/e6ad7af9571d739977eadded515f5d7a.mp3*~data=user_id=0,application_id=42~hmac=0ec00f4d237771366dd7f4be22483809ccc560e927ee3b333c3a4d0bbd4eb992","2011-05-06","404","Greece","Athens","Polykaos e projeto de Polyphonia com Kaos, em Athens, com material recente em plataformas e catalogo darkpsy.","psycore / darkpsy / psychedelic trance collaboration","Tratar Polykaos como projeto colaborativo; usar psycore/darkpsy, nao hi_tech.","pachamama_2026_research","https://www.deezer.com/track/415897222","https://www.deezer.com/track/415897222","415897222","https://www.deezer.com/track/415897222","https://cdn-images.dzcdn.net/images/cover/07c5e11d1dc953d3f6de011524e497de/1000x1000-000000-80-0-0.jpg","","","","","darkpsy;collab_project","Pachamama Festival 11 anos - A Nova Era;A Nova Era;Pachamama 11 anos","festival_lineup_verified","pachamama_2026_lineup_anchor;producer_with_verified_tracks","high","Numbers, No More Faith e No Problem confirmam faixas; resultados Bandcamp descrevem Polykaos como Polyphonia + Kaos.","https://polykaos.bandcamp.com/;https://bandcamp.com/search?q=Polykaos",""
"dark_psy","StrangeKaos","Twilight Zone","StrangeKaos","","https://cdnt-preview.dzcdn.net/api/1/1/6/4/e/0/64e4123cc731812b54a71ed33f46df28.mp3?hdnea=exp=1782085940~acl=/api/1/1/6/4/e/0/64e4123cc731812b54a71ed33f46df28.mp3*~data=user_id=0,application_id=42~hmac=9fe70708e886465b151b191302d6131297cb6146fe7acb213d35d2bec47b642c","2022-08-08","446","Greece","Athens","StrangeKaos e colaboracao de Stranger e Kaos iniciada no fim dos anos 2000, com som acido, atmosferico e energetico.","darkpsy / psychedelic trance collaboration","Usar dark_psy; grafias Strange Kaos e StrangeKaos devem apontar para o mesmo projeto.","pachamama_2026_research","https://www.deezer.com/track/1868312977","https://www.deezer.com/track/1868312977","1868312977","https://www.deezer.com/track/1868312977","https://cdn-images.dzcdn.net/images/cover/c33b7e81ba39a8bdc1c1e33548e24e99/1000x1000-000000-80-0-0.jpg","","","","","darkpsy;greece","Pachamama Festival 11 anos - A Nova Era;A Nova Era;Pachamama 11 anos","festival_lineup_verified","pachamama_2026_lineup_anchor;producer_with_verified_tracks","high","Bandcamp/Deezer confirmam catalogo como Twilight Zone e Ethereal Powers; pagina do projeto descreve Stranger + Kaos.","https://bandcamp.com/search?q=StrangeKaos;https://www.deezer.com/track/1868312977",""
"dark_psy","StrangeKaos","Ethereal Powers","StrangeKaos","","https://cdnt-preview.dzcdn.net/api/1/1/3/e/6/0/3e6bc266506f6a02b96eca7a19c0638d.mp3?hdnea=exp=1782085940~acl=/api/1/1/3/e/6/0/3e6bc266506f6a02b96eca7a19c0638d.mp3*~data=user_id=0,application_id=42~hmac=3b8c59fd832710a806995fd6c1066144de564a6876b607f544bdf6f7deadd4cc","2022-08-08","429","Greece","Athens","StrangeKaos e colaboracao de Stranger e Kaos iniciada no fim dos anos 2000, com som acido, atmosferico e energetico.","darkpsy / psychedelic trance collaboration","Usar dark_psy; grafias Strange Kaos e StrangeKaos devem apontar para o mesmo projeto.","pachamama_2026_research","https://www.deezer.com/track/1868312987","https://www.deezer.com/track/1868312987","1868312987","https://www.deezer.com/track/1868312987","https://cdn-images.dzcdn.net/images/cover/c33b7e81ba39a8bdc1c1e33548e24e99/1000x1000-000000-80-0-0.jpg","","","","","darkpsy;acid_melodies","Pachamama Festival 11 anos - A Nova Era;A Nova Era;Pachamama 11 anos","festival_lineup_verified","pachamama_2026_lineup_anchor;producer_with_verified_tracks","high","Bandcamp/Deezer confirmam catalogo como Twilight Zone e Ethereal Powers; pagina do projeto descreve Stranger + Kaos.","https://bandcamp.com/search?q=StrangeKaos;https://www.deezer.com/track/1868312977",""
"dark_psy","StrangeKaos","Customer's Feedback","StrangeKaos","","https://cdnt-preview.dzcdn.net/api/1/1/6/b/d/0/6bd8fbbba2bafaacf87789d363498032.mp3?hdnea=exp=1782085940~acl=/api/1/1/6/b/d/0/6bd8fbbba2bafaacf87789d363498032.mp3*~data=user_id=0,application_id=42~hmac=2ffd4e6f8b869857da0ed08b113b152df2e6c3fc54ba8e01e288f04a5b75e3fe","2022-08-08","396","Greece","Athens","StrangeKaos e colaboracao de Stranger e Kaos iniciada no fim dos anos 2000, com som acido, atmosferico e energetico.","darkpsy / psychedelic trance collaboration","Usar dark_psy; grafias Strange Kaos e StrangeKaos devem apontar para o mesmo projeto.","pachamama_2026_research","https://www.deezer.com/track/1868312997","https://www.deezer.com/track/1868312997","1868312997","https://www.deezer.com/track/1868312997","https://cdn-images.dzcdn.net/images/cover/c33b7e81ba39a8bdc1c1e33548e24e99/1000x1000-000000-80-0-0.jpg","","","","","darkpsy;collab_project","Pachamama Festival 11 anos - A Nova Era;A Nova Era;Pachamama 11 anos","festival_lineup_verified","pachamama_2026_lineup_anchor;producer_with_verified_tracks","high","Bandcamp/Deezer confirmam catalogo como Twilight Zone e Ethereal Powers; pagina do projeto descreve Stranger + Kaos.","https://bandcamp.com/search?q=StrangeKaos;https://www.deezer.com/track/1868312977",""
"dark_psy","Stranger","Twilight Zone","StrangeKaos","","https://cdnt-preview.dzcdn.net/api/1/1/6/4/e/0/64e4123cc731812b54a71ed33f46df28.mp3?hdnea=exp=1782085941~acl=/api/1/1/6/4/e/0/64e4123cc731812b54a71ed33f46df28.mp3*~data=user_id=0,application_id=42~hmac=3af9e4f4de3379b55d068c8cc3b5d2397265d7c95eb2ebe6745dfca7c4f1ef18","2022-08-08","446","Greece","","Stranger e produtor grego ligado a StrangeKaos e ao circuito darkpsy helenico, com participacao em releases colaborativos.","darkpsy / experimental psychedelic trance","Usar Stranger somente com contexto psytrance; ha muitos homonimos em plataformas grandes.","pachamama_2026_research","https://strangekaos.bandcamp.com/","https://www.deezer.com/track/1868312977","1868312977","https://www.deezer.com/track/1868312977","https://cdn-images.dzcdn.net/images/cover/c33b7e81ba39a8bdc1c1e33548e24e99/1000x1000-000000-80-0-0.jpg","","","","","darkpsy;strangekaos_member","Pachamama Festival 11 anos - A Nova Era;A Nova Era;Pachamama 11 anos","festival_lineup_verified","pachamama_2026_lineup_anchor;producer_with_verified_tracks","medium","Credited through StrangeKaos, the Stranger + Kaos project; retained for lineup search and event matching.","https://bandcamp.com/search?q=Stranger+Kaos+psytrance;https://www.youtube.com/results?search_query=Stranger+psytrance+Greece",""
"dark_psy","Bethad","Reminiscing the Past","Bethad","","https://cdnt-preview.dzcdn.net/api/1/1/b/5/2/0/b52349b71058af2d665853fbd64589a1.mp3?hdnea=exp=1782085941~acl=/api/1/1/b/5/2/0/b52349b71058af2d665853fbd64589a1.mp3*~data=user_id=0,application_id=42~hmac=1124d44b640a6972a00caa590fa73c4b7e112ec346aeb4e86f88502674aaa6c0","2020-03-04","420","Spain","","Bethad trabalha darkpsy/forest espanhol com faixas como Reminiscing the Past e colabs no eixo Enygma/Tetraktyz.","darkpsy / forest / experimental darkpsy","Preferir dark_psy/forest; nao classificar como hi_tech, mesmo quando o lineup esta em palco extremo.","pachamama_2026_research","https://www.deezer.com/track/877960112","https://www.deezer.com/track/877960112","877960112","https://www.deezer.com/track/877960112","https://cdn-images.dzcdn.net/images/cover/13963bdc8a56266ff0f1a4cf9b0a0219/1000x1000-000000-80-0-0.jpg","","","","","darkpsy;forest","Pachamama Festival 11 anos - A Nova Era;A Nova Era;Pachamama 11 anos","festival_lineup_verified","pachamama_2026_lineup_anchor;producer_with_verified_tracks","high","Deezer confirma Reminiscing the Past/Trying To Find the Reason; Enygma confirma Bethad em Anima com Tetraktyz.","https://enygmamusic.bandcamp.com/track/tetraktyz-bethad-anima-158",""
"dark_psy","Bethad","Trying To Find the Reason","Bethad","","https://cdnt-preview.dzcdn.net/api/1/1/2/2/8/0/228aa7766c9d2f8ad25708162c065e4c.mp3?hdnea=exp=1782085941~acl=/api/1/1/2/2/8/0/228aa7766c9d2f8ad25708162c065e4c.mp3*~data=user_id=0,application_id=42~hmac=47e719560c0e78bcf147870cb2558669299f262f001b8ae1039a9bc4d17e32bd","2020-03-04","397","Spain","","Bethad trabalha darkpsy/forest espanhol com faixas como Reminiscing the Past e colabs no eixo Enygma/Tetraktyz.","darkpsy / forest / experimental darkpsy","Preferir dark_psy/forest; nao classificar como hi_tech, mesmo quando o lineup esta em palco extremo.","pachamama_2026_research","https://www.deezer.com/track/877960102","https://www.deezer.com/track/877960102","877960102","https://www.deezer.com/track/877960102","https://cdn-images.dzcdn.net/images/cover/13963bdc8a56266ff0f1a4cf9b0a0219/1000x1000-000000-80-0-0.jpg","","","","","darkpsy;forest","Pachamama Festival 11 anos - A Nova Era;A Nova Era;Pachamama 11 anos","festival_lineup_verified","pachamama_2026_lineup_anchor;producer_with_verified_tracks","high","Deezer confirma Reminiscing the Past/Trying To Find the Reason; Enygma confirma Bethad em Anima com Tetraktyz.","https://enygmamusic.bandcamp.com/track/tetraktyz-bethad-anima-158",""
"dark_psy","Bethad","Anima","Codex Seraphinianus EP","158","https://cdnt-preview.dzcdn.net/api/1/1/d/9/8/0/d980bc47a02a360900893b971e09a1ad.mp3?hdnea=exp=1782085941~acl=/api/1/1/d/9/8/0/d980bc47a02a360900893b971e09a1ad.mp3*~data=user_id=0,application_id=42~hmac=5c8e248c8cb916b4bac42936dd0add826f0be3e40137b9e7cd07452175658b43","2025-10-24","449","Spain","","Bethad trabalha darkpsy/forest espanhol com faixas como Reminiscing the Past e colabs no eixo Enygma/Tetraktyz.","darkpsy / forest / experimental darkpsy","Preferir dark_psy/forest; nao classificar como hi_tech, mesmo quando o lineup esta em palco extremo.","pachamama_2026_research","https://enygmamusic.bandcamp.com/track/tetraktyz-bethad-anima-158","https://www.deezer.com/track/3592895322","3592895322","https://www.deezer.com/track/3592895322","https://cdn-images.dzcdn.net/images/cover/797a170956a2135267114458e3f4ccc0/1000x1000-000000-80-0-0.jpg","","","https://enygmamusic.bandcamp.com/track/tetraktyz-bethad-anima-158","","darkpsy;experimental_darkpsy;tetraktyz_bethad","Pachamama Festival 11 anos - A Nova Era;A Nova Era;Pachamama 11 anos","festival_lineup_verified","pachamama_2026_lineup_anchor;producer_with_verified_tracks","high","Deezer confirma Reminiscing the Past/Trying To Find the Reason; Enygma confirma Bethad em Anima com Tetraktyz.","https://enygmamusic.bandcamp.com/track/tetraktyz-bethad-anima-158",""
"dark_psy","Penurna","Sacral Chakra","Sick Trick Music","","","","","Spain","","Penurna e projeto espanhol de darkpsy/experimental psytrance com faixas publicas como Sacral Chakra e Supranormal.","darkpsy / experimental psytrance","Grafia correta do flyer e Penurna; nao confundir com Penumbra ou homonimos.","pachamama_2026_research","https://www.youtube.com/watch?v=DDgOOFv-pCQ","https://www.youtube.com/watch?v=DDgOOFv-pCQ","","","","https://www.youtube.com/watch?v=DDgOOFv-pCQ","","","","darkpsy;sick_trick","Pachamama Festival 11 anos - A Nova Era;A Nova Era;Pachamama 11 anos","festival_lineup_verified","pachamama_2026_lineup_anchor;producer_with_verified_tracks","medium_high","Sacral Chakra em Sick Trick Music e Supranormal confirmam faixa publica; cobertura em plataformas e menor que a dos headliners.","https://www.youtube.com/watch?v=Bh3d7LdHRec;https://www.youtube.com/watch?v=DDgOOFv-pCQ",""
"dark_psy","Penurna","Supranormal","Penurna","","","","","Spain","","Penurna e projeto espanhol de darkpsy/experimental psytrance com faixas publicas como Sacral Chakra e Supranormal.","darkpsy / experimental psytrance","Grafia correta do flyer e Penurna; nao confundir com Penumbra ou homonimos.","pachamama_2026_research","https://www.youtube.com/watch?v=Bh3d7LdHRec","https://www.youtube.com/watch?v=Bh3d7LdHRec","","","","https://www.youtube.com/watch?v=Bh3d7LdHRec","","","","darkpsy;experimental","Pachamama Festival 11 anos - A Nova Era;A Nova Era;Pachamama 11 anos","festival_lineup_verified","pachamama_2026_lineup_anchor;producer_with_verified_tracks","medium_high","Sacral Chakra em Sick Trick Music e Supranormal confirmam faixa publica; cobertura em plataformas e menor que a dos headliners.","https://www.youtube.com/watch?v=Bh3d7LdHRec;https://www.youtube.com/watch?v=DDgOOFv-pCQ",""
"psycore","Khaline","Magic Beans","Khaline","196","","","","Brazil","","Khaline e projeto brasileiro de darkpsy/psycore com faixas high-BPM como Magic Beans, Sinchronicity e Aquarius.","psycore / darkpsy / high-BPM psychedelic","Usar psycore; nao manter a seed antiga em hi_tech como classificacao primaria sem prova de faixa hi-tech.","pachamama_2026_research","https://www.youtube.com/watch?v=9OZwTwTmS9w","https://www.youtube.com/watch?v=9OZwTwTmS9w","","","","https://www.youtube.com/watch?v=9OZwTwTmS9w","","","","psycore;196_bpm","Pachamama Festival 11 anos - A Nova Era;A Nova Era;Pachamama 11 anos","festival_lineup_verified","pachamama_2026_lineup_anchor;producer_with_verified_tracks","medium_high","Magic Beans aparece com 196 BPM e Sinchronicity com 184 BPM; tambem participa do projeto Umbra Lumen.","https://www.youtube.com/watch?v=xJOH-Q0NkGk;https://www.youtube.com/watch?v=DMgpYUjEvDw",""
"psycore","Khaline","Sinchronicity","Khaline","184","","","","Brazil","","Khaline e projeto brasileiro de darkpsy/psycore com faixas high-BPM como Magic Beans, Sinchronicity e Aquarius.","psycore / darkpsy / high-BPM psychedelic","Usar psycore; nao manter a seed antiga em hi_tech como classificacao primaria sem prova de faixa hi-tech.","pachamama_2026_research","https://www.youtube.com/watch?v=xJOH-Q0NkGk","https://www.youtube.com/watch?v=xJOH-Q0NkGk","","","","https://www.youtube.com/watch?v=xJOH-Q0NkGk","","","","psycore;184_bpm","Pachamama Festival 11 anos - A Nova Era;A Nova Era;Pachamama 11 anos","festival_lineup_verified","pachamama_2026_lineup_anchor;producer_with_verified_tracks","medium_high","Magic Beans aparece com 196 BPM e Sinchronicity com 184 BPM; tambem participa do projeto Umbra Lumen.","https://www.youtube.com/watch?v=xJOH-Q0NkGk;https://www.youtube.com/watch?v=DMgpYUjEvDw",""
"dark_psy","Khaline","Aquarius","Khaline","","","","","Brazil","","Khaline e projeto brasileiro de darkpsy/psycore com faixas high-BPM como Magic Beans, Sinchronicity e Aquarius.","psycore / darkpsy / high-BPM psychedelic","Usar psycore; nao manter a seed antiga em hi_tech como classificacao primaria sem prova de faixa hi-tech.","pachamama_2026_research","https://www.youtube.com/watch?v=DMgpYUjEvDw","https://www.youtube.com/watch?v=DMgpYUjEvDw","","","","https://www.youtube.com/watch?v=DMgpYUjEvDw","","","","darkpsy;brazil","Pachamama Festival 11 anos - A Nova Era;A Nova Era;Pachamama 11 anos","festival_lineup_verified","pachamama_2026_lineup_anchor;producer_with_verified_tracks","medium_high","Magic Beans aparece com 196 BPM e Sinchronicity com 184 BPM; tambem participa do projeto Umbra Lumen.","https://www.youtube.com/watch?v=xJOH-Q0NkGk;https://www.youtube.com/watch?v=DMgpYUjEvDw",""
"dark_psy","Yara","Dark Star","Deviant Force Records","170","","","","Venezuela","","Yara aparece em releases e videos de dark psy como Dark Star, No Signs of Life e Elixir, alem do set Yara vs Dark Notes.","darkpsy / dark forest / psychedelic trance","Corrigir seed antiga: aqui Yara deve entrar como dark_psy, nao hi_tech, salvo faixa futura provar outro recorte.","pachamama_2026_research","https://www.youtube.com/watch?v=iYCfpRLQYWA","https://www.youtube.com/watch?v=iYCfpRLQYWA","","","","https://www.youtube.com/watch?v=iYCfpRLQYWA","","","","darkpsy;170_bpm","Pachamama Festival 11 anos - A Nova Era;A Nova Era;Pachamama 11 anos","festival_lineup_verified","pachamama_2026_lineup_anchor;producer_with_verified_tracks","medium_high","Dark Star e Elixir/No Signs of Life ancoram dark psy; evitar homonimos latin/pop em plataformas.","https://www.youtube.com/watch?v=Kt5LoIBSp7o;https://www.youtube.com/watch?v=RRWMVn8xnrA",""
"dark_psy","Yara","No Signs of Life","Yara","","","","","Venezuela","","Yara aparece em releases e videos de dark psy como Dark Star, No Signs of Life e Elixir, alem do set Yara vs Dark Notes.","darkpsy / dark forest / psychedelic trance","Corrigir seed antiga: aqui Yara deve entrar como dark_psy, nao hi_tech, salvo faixa futura provar outro recorte.","pachamama_2026_research","https://www.youtube.com/watch?v=Kt5LoIBSp7o","https://www.youtube.com/watch?v=Kt5LoIBSp7o","","","","https://www.youtube.com/watch?v=Kt5LoIBSp7o","","","","darkpsy","Pachamama Festival 11 anos - A Nova Era;A Nova Era;Pachamama 11 anos","festival_lineup_verified","pachamama_2026_lineup_anchor;producer_with_verified_tracks","medium_high","Dark Star e Elixir/No Signs of Life ancoram dark psy; evitar homonimos latin/pop em plataformas.","https://www.youtube.com/watch?v=Kt5LoIBSp7o;https://www.youtube.com/watch?v=RRWMVn8xnrA",""
"dark_psy","Yara","Elixir","Yara & Dekhat Bhuli","","","","","Venezuela","","Yara aparece em releases e videos de dark psy como Dark Star, No Signs of Life e Elixir, alem do set Yara vs Dark Notes.","darkpsy / dark forest / psychedelic trance","Corrigir seed antiga: aqui Yara deve entrar como dark_psy, nao hi_tech, salvo faixa futura provar outro recorte.","pachamama_2026_research","https://www.youtube.com/watch?v=RRWMVn8xnrA","https://www.youtube.com/watch?v=RRWMVn8xnrA","","","","https://www.youtube.com/watch?v=RRWMVn8xnrA","","","","darkpsy;collab","Pachamama Festival 11 anos - A Nova Era;A Nova Era;Pachamama 11 anos","festival_lineup_verified","pachamama_2026_lineup_anchor;producer_with_verified_tracks","medium_high","Dark Star e Elixir/No Signs of Life ancoram dark psy; evitar homonimos latin/pop em plataformas.","https://www.youtube.com/watch?v=Kt5LoIBSp7o;https://www.youtube.com/watch?v=RRWMVn8xnrA",""
"dark_psy","Dark Notes","Mighty Darkness","Dark Notes","","","","","Brazil","","Dark Notes e projeto brasileiro de dark psy com material publico como Mighty Darkness e set/preview proprio.","darkpsy / Brazilian dark psychedelic trance","Usar dark_psy; o slot Yara vs Dark Notes e um set/collab ao vivo, nao artista separado.","pachamama_2026_research","https://www.youtube.com/watch?v=cDbZ7sTRycc","https://www.youtube.com/watch?v=cDbZ7sTRycc","","","","https://www.youtube.com/watch?v=cDbZ7sTRycc","https://soundcloud.com/dark-notes-fabiobatera/dark-notes-br-mighty-darkness-vol-ii-setmix","","","darkpsy;brazil","Pachamama Festival 11 anos - A Nova Era;A Nova Era;Pachamama 11 anos","festival_lineup_verified","pachamama_2026_lineup_anchor;producer_with_verified_tracks","medium_high","SoundCloud e YouTube confirmam Mighty Darkness; manter longe de homonimos de rock/ambient.","https://soundcloud.com/dark-notes-fabiobatera/dark-notes-preview-to-mighty-darkness",""
"dark_psy","Dark Notes","Preview To Mighty Darkness","Dark Notes","","","","","Brazil","","Dark Notes e projeto brasileiro de dark psy com material publico como Mighty Darkness e set/preview proprio.","darkpsy / Brazilian dark psychedelic trance","Usar dark_psy; o slot Yara vs Dark Notes e um set/collab ao vivo, nao artista separado.","pachamama_2026_research","https://soundcloud.com/dark-notes-fabiobatera/dark-notes-preview-to-mighty-darkness","https://soundcloud.com/dark-notes-fabiobatera/dark-notes-preview-to-mighty-darkness","","","","","https://soundcloud.com/dark-notes-fabiobatera/dark-notes-preview-to-mighty-darkness","","","darkpsy;brazil","Pachamama Festival 11 anos - A Nova Era;A Nova Era;Pachamama 11 anos","festival_lineup_verified","pachamama_2026_lineup_anchor;producer_with_verified_tracks","medium_high","SoundCloud e YouTube confirmam Mighty Darkness; manter longe de homonimos de rock/ambient.","https://soundcloud.com/dark-notes-fabiobatera/dark-notes-preview-to-mighty-darkness",""
"dark_psy","Alcohbata","Pure Love","Welcome to This World","","https://cdnt-preview.dzcdn.net/api/1/1/a/a/4/0/aa415d1f26c1748fbd1da5ca35c9d14f.mp3?hdnea=exp=1782085942~acl=/api/1/1/a/a/4/0/aa415d1f26c1748fbd1da5ca35c9d14f.mp3*~data=user_id=0,application_id=42~hmac=df4d6e0a4d4b159661294de2335f1bb74afc5ac3cb121470e6ec7fd68da25024","2019-11-14","533","Brazil","","Alcohbata e projeto brasileiro de psytrance com album Welcome To This World pela Katayy Records e faixas em dark/forest.","psytrance / darkpsy / forest-adjacent","Grafia correta e Alcohbata; nao usar Alcohibata como nome principal e nao classificar como hi_tech.","pachamama_2026_research","https://katayyrecords.bandcamp.com/album/alcohbata-welcome-to-this-world","https://www.deezer.com/track/842642732","842642732","https://www.deezer.com/track/842642732","https://cdn-images.dzcdn.net/images/cover/2f085ac6dd319d7519c5d6cecf3119a8/1000x1000-000000-80-0-0.jpg","","","https://katayyrecords.bandcamp.com/album/alcohbata-welcome-to-this-world","","darkpsy;psytrance","Pachamama Festival 11 anos - A Nova Era;A Nova Era;Pachamama 11 anos","festival_lineup_verified","pachamama_2026_lineup_anchor;producer_with_verified_tracks","high","Ja validado no pacote Cosmic Crew: Pure Love, Youtab Ariobarzan e Morning Ritual confirmam discografia.","https://www.katayyrecords.com.br/fr/musicas/","https://katayyrecords.bandcamp.com/"
"dark_psy","Alcohbata","Youtab Ariobarzan","VA ZAN","","https://cdnt-preview.dzcdn.net/api/1/1/7/a/f/0/7afc148019462db8a674495b320d302f.mp3?hdnea=exp=1782085942~acl=/api/1/1/7/a/f/0/7afc148019462db8a674495b320d302f.mp3*~data=user_id=0,application_id=42~hmac=d24a955a9de395a202ab0fd8f67fb2a64657724d3c64a67249e87cdc6a59653b","2024-06-17","461","Brazil","","Alcohbata e projeto brasileiro de psytrance com album Welcome To This World pela Katayy Records e faixas em dark/forest.","psytrance / darkpsy / forest-adjacent","Grafia correta e Alcohbata; nao usar Alcohibata como nome principal e nao classificar como hi_tech.","pachamama_2026_research","https://www.deezer.com/track/2844875492","https://www.deezer.com/track/2844875492","2844875492","https://www.deezer.com/track/2844875492","https://cdn-images.dzcdn.net/images/cover/bc1c3cd60386f0e42c4256188af7e72b/1000x1000-000000-80-0-0.jpg","","","","","darkpsy;forest","Pachamama Festival 11 anos - A Nova Era;A Nova Era;Pachamama 11 anos","festival_lineup_verified","pachamama_2026_lineup_anchor;producer_with_verified_tracks","high","Ja validado no pacote Cosmic Crew: Pure Love, Youtab Ariobarzan e Morning Ritual confirmam discografia.","https://www.katayyrecords.com.br/fr/musicas/","https://katayyrecords.bandcamp.com/"
"dark_psy","Alcohbata","Morning Ritual","Time Warp","","https://cdnt-preview.dzcdn.net/api/1/1/3/2/6/0/3261909d2cb676bd0ac82fd89a9f5355.mp3?hdnea=exp=1782085942~acl=/api/1/1/3/2/6/0/3261909d2cb676bd0ac82fd89a9f5355.mp3*~data=user_id=0,application_id=42~hmac=d5a6dcb48395fbef6d8e7f686ea67b3b1c52283910040cfa2f7dd06d897cf873","2017-08-14","456","Brazil","","Alcohbata e projeto brasileiro de psytrance com album Welcome To This World pela Katayy Records e faixas em dark/forest.","psytrance / darkpsy / forest-adjacent","Grafia correta e Alcohbata; nao usar Alcohibata como nome principal e nao classificar como hi_tech.","pachamama_2026_research","https://www.deezer.com/track/3615872942","https://www.deezer.com/track/3615872942","3615872942","https://www.deezer.com/track/3615872942","https://cdn-images.dzcdn.net/images/cover/2971991e9c0c5064aec12ae8ac73fc7a/1000x1000-000000-80-0-0.jpg","","","","","darkpsy;ritual_dark","Pachamama Festival 11 anos - A Nova Era;A Nova Era;Pachamama 11 anos","festival_lineup_verified","pachamama_2026_lineup_anchor;producer_with_verified_tracks","high","Ja validado no pacote Cosmic Crew: Pure Love, Youtab Ariobarzan e Morning Ritual confirmam discografia.","https://www.katayyrecords.com.br/fr/musicas/","https://katayyrecords.bandcamp.com/"
"dark_experimental","Umbra Lumen","Vysehrad","Vysehrad","","https://cdnt-preview.dzcdn.net/api/1/1/5/1/f/0/51f0001e64a6253dbc322259cae241f7.mp3?hdnea=exp=1782085942~acl=/api/1/1/5/1/f/0/51f0001e64a6253dbc322259cae241f7.mp3*~data=user_id=0,application_id=42~hmac=1f37382af1006fb3317997fcfea87d1081254c777ab5f00b2568ae4762cb91de","2026-03-06","407","Brazil","","Umbra Lumen e projeto brasileiro experimental de Khaline e Maramba, com singles Vysehrad e Sahasrara em 2026.","dark experimental psytrance / psycore","Usar dark_experimental/psycore; manter como projeto musical proprio, separado de ritual session.","pachamama_2026_research","https://www.deezer.com/track/3857759251","https://www.deezer.com/track/3857759251","3857759251","https://www.deezer.com/track/3857759251","https://cdn-images.dzcdn.net/images/cover/e70d64e6b1eb60ccc288a0a332e053db/1000x1000-000000-80-0-0.jpg","https://www.youtube.com/watch?v=lx4M6xI-bcA","","","","dark_experimental;psycore","Pachamama Festival 11 anos - A Nova Era;A Nova Era;Pachamama 11 anos","festival_lineup_verified","pachamama_2026_lineup_anchor;producer_with_verified_tracks","high","Vysehrad e Sahasrara ja foram confirmadas no pacote Cosmic Crew; Pachamama reforca evento futuro.","https://www.youtube.com/watch?v=lx4M6xI-bcA",""
"dark_experimental","Umbra Lumen","Sahasrara","Sahasrara","","https://cdnt-preview.dzcdn.net/api/1/1/9/3/7/0/93738e43bc3a71aa2b086570929c50a5.mp3?hdnea=exp=1782085943~acl=/api/1/1/9/3/7/0/93738e43bc3a71aa2b086570929c50a5.mp3*~data=user_id=0,application_id=42~hmac=64357ed900b92abf9d467c7957c05a378885679761b2d893a3a7f4f27aa88ead","2026-04-09","731","Brazil","","Umbra Lumen e projeto brasileiro experimental de Khaline e Maramba, com singles Vysehrad e Sahasrara em 2026.","dark experimental psytrance / psycore","Usar dark_experimental/psycore; manter como projeto musical proprio, separado de ritual session.","pachamama_2026_research","https://www.deezer.com/track/3937073021","https://www.deezer.com/track/3937073021","3937073021","https://www.deezer.com/track/3937073021","https://cdn-images.dzcdn.net/images/cover/7d997212d1853fe3b4b010377bd0e4e1/1000x1000-000000-80-0-0.jpg","https://www.youtube.com/watch?v=lx4M6xI-bcA","","","","dark_experimental;psycore","Pachamama Festival 11 anos - A Nova Era;A Nova Era;Pachamama 11 anos","festival_lineup_verified","pachamama_2026_lineup_anchor;producer_with_verified_tracks","high","Vysehrad e Sahasrara ja foram confirmadas no pacote Cosmic Crew; Pachamama reforca evento futuro.","https://www.youtube.com/watch?v=lx4M6xI-bcA",""
"slambient","Vuttun","Nabaat","The Endless Knot","185","","","","Brazil","","Vuttun combina slambient acelerado, ambiencia ritual e dark experimental em releases da The Endless Knot.","slambient / dark experimental psy / psycore-adjacent","Classificar como slambient; nao jogar automaticamente em hi_tech por BPM 180-185.","pachamama_2026_research","https://theendlessknotrec.bandcamp.com/track/vuttun-nabaat-185bpm","https://theendlessknotrec.bandcamp.com/track/vuttun-nabaat-185bpm","","","","","","https://theendlessknotrec.bandcamp.com/track/vuttun-nabaat-185bpm","","slambient;185_bpm;darkpsy","Pachamama Festival 11 anos - A Nova Era;A Nova Era;Pachamama 11 anos","festival_lineup_verified","pachamama_2026_lineup_anchor;producer_with_verified_tracks","high","The Endless Knot publica Nabaat 185 BPM, N'Iser Synergic Transformation 185 BPM e Flegetonte 180 BPM.","https://vuttun.bandcamp.com/;https://theendlessknotrec.bandcamp.com/",""
"slambient","Vuttun","Synergic Transformation","The Endless Knot","185","","","","Brazil","","Vuttun combina slambient acelerado, ambiencia ritual e dark experimental em releases da The Endless Knot.","slambient / dark experimental psy / psycore-adjacent","Classificar como slambient; nao jogar automaticamente em hi_tech por BPM 180-185.","pachamama_2026_research","https://theendlessknotrec.bandcamp.com/track/vuttun-n-iser-synergic-transformation-185bpm","https://theendlessknotrec.bandcamp.com/track/vuttun-n-iser-synergic-transformation-185bpm","","","","","","https://theendlessknotrec.bandcamp.com/track/vuttun-n-iser-synergic-transformation-185bpm","","slambient;185_bpm;collab","Pachamama Festival 11 anos - A Nova Era;A Nova Era;Pachamama 11 anos","festival_lineup_verified","pachamama_2026_lineup_anchor;producer_with_verified_tracks","high","The Endless Knot publica Nabaat 185 BPM, N'Iser Synergic Transformation 185 BPM e Flegetonte 180 BPM.","https://vuttun.bandcamp.com/;https://theendlessknotrec.bandcamp.com/",""
"slambient","Vuttun","Flegetonte","The Endless Knot","180","","","","Brazil","","Vuttun combina slambient acelerado, ambiencia ritual e dark experimental em releases da The Endless Knot.","slambient / dark experimental psy / psycore-adjacent","Classificar como slambient; nao jogar automaticamente em hi_tech por BPM 180-185.","pachamama_2026_research","https://theendlessknotrec.bandcamp.com/track/vuttun-flegetonte-180bpm","https://theendlessknotrec.bandcamp.com/track/vuttun-flegetonte-180bpm","","","","","","https://theendlessknotrec.bandcamp.com/track/vuttun-flegetonte-180bpm","","slambient;180_bpm","Pachamama Festival 11 anos - A Nova Era;A Nova Era;Pachamama 11 anos","festival_lineup_verified","pachamama_2026_lineup_anchor;producer_with_verified_tracks","high","The Endless Knot publica Nabaat 185 BPM, N'Iser Synergic Transformation 185 BPM e Flegetonte 180 BPM.","https://vuttun.bandcamp.com/;https://theendlessknotrec.bandcamp.com/",""
"psycore","Vucsetics","New Moon","Mindfullness","185","","","","Brazil","","Vucsetics e projeto brasileiro de psycore/darkpsy com faixas publicas como New Moon, Sun Down e Night Work.","psycore / darkpsy / high-BPM psychedelic","Usar psycore/darkpsy; nao confundir com DJ-only porque ha faixas publicas high-BPM.","pachamama_2026_research","https://www.youtube.com/watch?v=8DGrxq6HtTc","https://www.youtube.com/watch?v=8DGrxq6HtTc","","","","https://www.youtube.com/watch?v=8DGrxq6HtTc","","","","psycore;185_bpm","Pachamama Festival 11 anos - A Nova Era;A Nova Era;Pachamama 11 anos","festival_lineup_verified","pachamama_2026_lineup_anchor;producer_with_verified_tracks","medium_high","Videos publicos indicam New Moon 185 BPM, Sun Down 180 BPM e Night Work 177 BPM.","https://www.youtube.com/watch?v=hpZ52Yhvt3E;https://www.youtube.com/watch?v=ctvGqeay4Tc",""
"psycore","Vucsetics","Sun Down","Vucsetics","180","","","","Brazil","","Vucsetics e projeto brasileiro de psycore/darkpsy com faixas publicas como New Moon, Sun Down e Night Work.","psycore / darkpsy / high-BPM psychedelic","Usar psycore/darkpsy; nao confundir com DJ-only porque ha faixas publicas high-BPM.","pachamama_2026_research","https://www.youtube.com/watch?v=hpZ52Yhvt3E","https://www.youtube.com/watch?v=hpZ52Yhvt3E","","","","https://www.youtube.com/watch?v=hpZ52Yhvt3E","","","","psycore;180_bpm","Pachamama Festival 11 anos - A Nova Era;A Nova Era;Pachamama 11 anos","festival_lineup_verified","pachamama_2026_lineup_anchor;producer_with_verified_tracks","medium_high","Videos publicos indicam New Moon 185 BPM, Sun Down 180 BPM e Night Work 177 BPM.","https://www.youtube.com/watch?v=hpZ52Yhvt3E;https://www.youtube.com/watch?v=ctvGqeay4Tc",""
"psycore","Vucsetics","Night Work","Vucsetics","177","","","","Brazil","","Vucsetics e projeto brasileiro de psycore/darkpsy com faixas publicas como New Moon, Sun Down e Night Work.","psycore / darkpsy / high-BPM psychedelic","Usar psycore/darkpsy; nao confundir com DJ-only porque ha faixas publicas high-BPM.","pachamama_2026_research","https://www.youtube.com/watch?v=ctvGqeay4Tc","https://www.youtube.com/watch?v=ctvGqeay4Tc","","","","https://www.youtube.com/watch?v=ctvGqeay4Tc","","","","psycore;177_bpm","Pachamama Festival 11 anos - A Nova Era;A Nova Era;Pachamama 11 anos","festival_lineup_verified","pachamama_2026_lineup_anchor;producer_with_verified_tracks","medium_high","Videos publicos indicam New Moon 185 BPM, Sun Down 180 BPM e Night Work 177 BPM.","https://www.youtube.com/watch?v=hpZ52Yhvt3E;https://www.youtube.com/watch?v=ctvGqeay4Tc",""
